Δήμος,Καθαρισμένο_Όνομα,Δήμος_Κλεισθένη
Δ. ΚΟΜΟΤΗΝΗΣ,ΚΟΜΟΤΗΝΗΣ,ΚΟΜΟΤΗΝΗΣ
Δ. ΤΡΟΙΖΗΝΙΑΣ,ΤΡΟΙΖΗΝΙΑΣ,ΧΡΕΙΑΖΕΤΑΙ ΕΛΕΓΧΟ
Δ. ΝΑΥΠΛΙΕΩΝ,ΝΑΥΠΛΙΕΩΝ,ΝΑΥΠΛΙΕΩΝ
Δ. ΛΟΥΤΡΑΚΙΟΥ-ΑΓΙΩΝ ΘΕΟΔΩΡΩ,ΛΟΥΤΡΑΚΙΟΥ-ΑΓΙΩΝ ΘΕΟΔΩΡΩ,ΛΟΥΤΡΑΚΙΟΥ - ΠΕΡΑΧΩΡΑΣ - ΑΓΙΩΝ ΘΕΟΔΩΡΩΝ
Δ. ΚΕΡΚΥΡΑΣ,ΚΕΝΤΡΙΚΗΣ ΚΕΡΚΥΡΑΣ,ΚΕΝΤΡΙΚΗΣ ΚΕΡΚΥΡΑΣ
Δ. ΑΣΤΥΠΑΛΑΙΑΣ,ΑΣΤΥΠΑΛΑΙΑΣ,ΑΣΤΥΠΑΛΑΙΑΣ
Δ. ΔΩΔΩΝΗΣ,ΔΩΔΩΝΗΣ,ΔΩΔΩΝΗΣ
Δ. ΣΠΑΡΤΗΣ,ΣΠΑΡΤΗΣ,ΣΠΑΡΤΗΣ
Δ. ΞΑΝΘΗΣ,ΞΑΝΘΗΣ,ΞΑΝΘΗΣ
Δ. ΝΙΚΟΛΑΟΥ ΣΚΟΥΦΑ,ΝΙΚΟΛΑΟΥ ΣΚΟΥΦΑ,ΝΙΚΟΛΑΟΥ ΣΚΟΥΦΑ
Δ. ΛΗΜΝΟΥ,ΛΗΜΝΟΥ,ΛΗΜΝΟΥ
Δ. ΜΑΡΚΟΠΟΥΛΟΥ ΜΕΣΟΓΑΙΑΣ,ΜΑΡΚΟΠΟΥΛΟΥ ΜΕΣΟΓΑΙΑΣ,ΜΑΡΚΟΠΟΥΛΟΥ ΜΕΣΟΓΑΙΑΣ
Δ. ΑΡΓΟΥΣ - ΜΥΚΗΝΩΝ,ΑΡΓΟΥΣ - ΜΥΚΗΝΩΝ,ΑΡΓΟΥΣ - ΜΥΚΗΝΩΝ
Δ. ΘΕΡΜΟΥ,ΘΕΡΜΟΥ,ΘΕΡΜΟΥ
Δ. ΑΓΡΙΝΙΟΥ,ΑΓΡΙΝΙΟΥ,ΑΓΡΙΝΙΟΥ
Δ. ΒΟΛΒΗΣ,ΒΟΛΒΗΣ,ΒΟΛΒΗΣ
Δ. ΠΡΕΒΕΖΑΣ,ΠΡΕΒΕΖΑΣ,ΠΡΕΒΕΖΑΣ
Δ. ΣΑΡΩΝΙΚΟΥ,ΣΑΡΩΝΙΚΟΥ,ΣΑΡΩΝΙΚΟΥ
Δ. ΑΙΓΙΑΛΕΙΑΣ,ΑΙΓΙΑΛΕΙΑΣ,ΑΙΓΙΑΛΕΙΑΣ
Δ. ΒΟΡΕΙΑΣ ΚΥΝΟΥΡΙΑΣ,ΒΟΡΕΙΑΣ ΚΥΝΟΥΡΙΑΣ,ΒΟΡΕΙΑΣ ΚΥΝΟΥΡΙΑΣ
Δ. ΤΡΙΚΚΑΙΩΝ,ΤΡΙΚΚΑΙΩΝ,ΤΡΙΚΚΑΙΩΝ
Δ. ΠΑΙΟΝΙΑΣ,ΠΑΙΟΝΙΑΣ,ΠΑΙΟΝΙΑΣ
Δ. ΒΕΡΟΙΑΣ,ΒΕΡΟΙΑΣ,ΒΕΡΟΙΑΣ
Δ. ΔΙΣΤΟΜΟΥ - ΑΡΑΧΟΒΑΣ - ΑΝΤΙΚΥΡΑΣ,ΔΙΣΤΟΜΟΥ - ΑΡΑΧΟΒΑΣ - ΑΝΤΙΚΥΡΑΣ,ΔΙΣΤΟΜΟΥ - ΑΡΑΧΟΒΑΣ - ΑΝΤΙΚΥΡΑΣ
Δ. ΠΥΔΝΑΣ-ΚΟΛΙΝΔΡΟΥ,ΠΥΔΝΑΣ-ΚΟΛΙΝΔΡΟΥ,ΧΡΕΙΑΖΕΤΑΙ ΕΛΕΓΧΟ
Δ. ΙΕΡΑΣ ΠΟΛΗΣ ΜΕΣΟΛΟΓΓΙΟΥ,ΙΕΡΑΣ ΠΟΛΗΣ ΜΕΣΟΛΟΓΓΙΟΥ,ΙΕΡΑΣ ΠΟΛΗΣ ΜΕΣΟΛΟΓΓΙΟΥ
Δ. ΛΑΥΡΕΩΤΙΚΗΣ,ΛΑΥΡΕΩΤΙΚΗΣ,ΛΑΥΡΕΩΤΙΚΗΣ
Δ. ΚΕΦΑΛΛΟΝΙΑΣ,ΑΡΓΟΣΤΟΛΙΟΥ,ΑΡΓΟΣΤΟΛΙΟΥ
Δ. ΣΟΦΑΔΩΝ,ΣΟΦΑΔΩΝ,ΣΟΦΑΔΩΝ
Δ. ΚΑΡΔΙΤΣΑΣ,ΚΑΡΔΙΤΣΑΣ,ΚΑΡΔΙΤΣΑΣ
Δ. ΚΑΣΤΟΡΙΑΣ,ΚΑΣΤΟΡΙΑΣ,ΚΑΣΤΟΡΙΑΣ
Δ. ΠΕΛΛΑΣ,ΠΕΛΛΑΣ,ΧΡΕΙΑΖΕΤΑΙ ΕΛΕΓΧΟ
Δ. ΠΩΓΩΝΙΟΥ,ΠΩΓΩΝΙΟΥ,ΠΩΓΩΝΙΟΥ
Δ. ΠΥΛΟΥ-ΝΕΣΤΟΡΟΣ,ΠΥΛΟΥ-ΝΕΣΤΟΡΟΣ,ΠΥΛΟΥ - ΝΕΣΤΟΡΟΣ
Δ. ΗΡΑΚΛΕΙΑΣ,ΗΡΑΚΛΕΙΑΣ,ΗΡΑΚΛΕΙΑΣ
Δ. ΧΙΟΥ,ΧΙΟΥ,ΧΙΟΥ
Δ. ΛΑΓΚΑΔΑ,ΛΑΓΚΑΔΑ,ΛΑΓΚΑΔΑ
Δ. ΙΩΑΝΝΙΤΩΝ,ΙΩΑΝΝΙΤΩΝ,ΙΩΑΝΝΙΤΩΝ
Δ. ΖΑΧΑΡΩΣ,ΖΑΧΑΡΩΣ,ΖΑΧΑΡΩΣ
Δ. ΠΑΡΑΝΕΣΤΙΟΥ,ΠΑΡΑΝΕΣΤΙΟΥ,ΠΑΡΑΝΕΣΤΙΟΥ
Δ. ΜΑΚΡΑΚΩΜΗΣ,ΜΑΚΡΑΚΩΜΗΣ,ΜΑΚΡΑΚΩΜΗΣ
Δ. ΚΩ,ΚΩ,ΚΩ
Δ. ΜΕΓΑΛΟΠΟΛΗΣ,ΜΕΓΑΛΟΠΟΛΗΣ,ΜΕΓΑΛΟΠΟΛΗΣ
Δ. ΚΑΛΑΜΠΑΚΑΣ,ΚΑΛΑΜΠΑΚΑΣ,ΚΑΛΑΜΑΤΑΣ
Δ. ΚΟΡΙΝΘΙΩΝ,ΚΟΡΙΝΘΙΩΝ,ΚΟΡΙΝΘΙΩΝ
Δ. ΑΝΔΡΟΥ,ΑΝΔΡΟΥ,ΑΝΔΡΟΥ
Δ. ΑΛΕΞΑΝΔΡΟΥΠΟΛΗΣ,ΑΛΕΞΑΝΔΡΟΥΠΟΛΗΣ,ΑΛΕΞΑΝΔΡΟΥΠΟΛΗΣ
Δ. ΤΡΙΦΥΛΛΙΑΣ,ΤΡΙΦΥΛΛΙΑΣ,ΤΡΙΦΥΛΛΙΑΣ
Δ. ΔΥΤΙΚΗΣ ΑΧΑΪΑΣ,ΔΥΤΙΚΗΣ ΑΧΑΪΑΣ,ΔΥΤΙΚΗΣ ΑΧΑΙΑΣ
Δ. ΣΙΚΥΩΝΙΩΝ,ΣΙΚΥΩΝΙΩΝ,ΣΙΚΥΩΝΙΩΝ
Δ. ΛΕΥΚΑΔΟΣ,ΛΕΥΚΑΔΟΣ,ΛΕΥΚΑΔΑΣ
Δ. ΕΥΡΩΤΑ,ΕΥΡΩΤΑ,ΕΥΡΩΤΑ
Δ. ΒΙΣΑΛΤΙΑΣ,ΒΙΣΑΛΤΙΑΣ,ΒΙΣΑΛΤΙΑΣ
Δ. ΖΑΚΥΝΘΙΩΝ,ΖΑΚΥΝΘΟΥ,ΖΑΚΥΝΘΟΥ
Δ. ΙΑΣΜΟΥ,ΙΑΣΜΟΥ,ΧΡΕΙΑΖΕΤΑΙ ΕΛΕΓΧΟ
Δ. ΣΚΥΔΡΑΣ,ΣΚΥΔΡΑΣ,ΣΚΥΔΡΑΣ
Δ. ΚΙΛΚΙΣ,ΚΙΛΚΙΣ,ΚΙΛΚΙΣ
Δ. ΔΡΑΜΑΣ,ΔΡΑΜΑΣ,ΔΡΑΜΑΣ
Δ. ΗΓΟΥΜΕΝΙΤΣΑΣ,ΗΓΟΥΜΕΝΙΤΣΑΣ,ΗΓΟΥΜΕΝΙΤΣΑΣ
Δ. ΠΥΡΓΟΥ,ΠΥΡΓΟΥ,ΠΥΡΓΟΥ
Δ. ΠΑΛΑΜΑ,ΠΑΛΑΜΑ,ΠΑΛΑΜΑ
Δ. ΟΙΧΑΛΙΑΣ,ΟΙΧΑΛΙΑΣ,ΟΙΧΑΛΙΑΣ
Δ. ΠΥΛΗΣ,ΠΥΛΗΣ,ΠΥΛΗΣ
Δ. ΚΑΤΕΡΙΝΗΣ,ΚΑΤΕΡΙΝΗΣ,ΚΑΤΕΡΙΝΗΣ
Δ. ΛΑΡΙΣΑΙΩΝ,ΛΑΡΙΣΑΙΩΝ,ΛΑΡΙΣΑΙΩΝ
Δ. ΕΔΕΣΣΑΣ,ΕΔΕΣΣΑΣ,ΕΔΕΣΣΑΣ
Δ. ΖΗΡΟΥ,ΖΗΡΟΥ,ΖΗΡΟΥ
Δ. ΣΙΝΤΙΚΗΣ,ΣΙΝΤΙΚΗΣ,ΣΙΝΤΙΚΗΣ
Δ. ΓΕΩΡΓΙΟΥ ΚΑΡΑΙΣΚΑΚΗ,ΓΕΩΡΓΙΟΥ ΚΑΡΑΙΣΚΑΚΗ,ΓΕΩΡΓΙΟΥ ΚΑΡΑΙΣΚΑΚΗ
Δ. ΚΕΝΤΡΙΚΩΝ ΤΖΟΥΜΕΡΚΩΝ,ΚΕΝΤΡΙΚΩΝ ΤΖΟΥΜΕΡΚΩΝ,ΒΟΡΕΙΩΝ ΤΖΟΥΜΕΡΚΩΝ
Δ. ΑΡΙΣΤΟΤΕΛΗ,ΑΡΙΣΤΟΤΕΛΗ,ΑΡΙΣΤΟΤΕΛΗ
Δ. ΚΑΛΑΒΡΥΤΩΝ,ΚΑΛΑΒΡΥΤΩΝ,ΚΑΛΑΒΡΥΤΩΝ
Δ. ΑΝΑΤΟΛΙΚΗΣ ΜΑΝΗΣ,ΑΝΑΤΟΛΙΚΗΣ ΜΑΝΗΣ,ΑΝΑΤΟΛΙΚΗΣ ΜΑΝΗΣ
Δ. ΚΑΣΣΑΝΔΡΑΣ,ΚΑΣΣΑΝΔΡΑΣ,ΚΑΣΣΑΝΔΡΑΣ
Δ. ΦΙΛΙΑΤΩΝ,ΦΙΛΙΑΤΩΝ,ΦΙΛΙΑΤΩΝ
Δ. ΑΡΧΑΙΑΣ ΟΛΥΜΠΙΑΣ,ΑΡΧΑΙΑΣ ΟΛΥΜΠΙΑΣ,ΑΡΧΑΙΑΣ ΟΛΥΜΠΙΑΣ
Δ. ΑΡΤΑΙΩΝ,ΑΡΤΑΙΩΝ,ΑΡΤΑΙΩΝ
Δ. ΛΑΜΙΕΩΝ,ΛΑΜΙΕΩΝ,ΛΑΜΙΕΩΝ
Δ. ΝΑΥΠΑΚΤΙΑΣ,ΝΑΥΠΑΚΤΙΑΣ,ΝΑΥΠΑΚΤΙΑΣ
Δ. ΑΛΜΥΡΟΥ,ΑΛΜΥΡΟΥ,ΑΛΜΥΡΟΥ
Δ. ΣΤΥΛΙΔΑΣ,ΣΤΥΛΙΔΑΣ,ΣΤΥΛΙΔΑΣ
Δ. ΚΟΖΑΝΗΣ,ΚΟΖΑΝΗΣ,ΚΟΖΑΝΗΣ
Δ.ΒΟΛΟΥ,ΒΟΛΟΥ,ΒΟΛΟΥ
Δ. ΙΘΑΚΗΣ,ΙΘΑΚΗΣ,ΙΘΑΚΗΣ
Δ. ΤΗΝΟΥ,ΤΗΝΟΥ,ΤΗΝΟΥ
Δ. ΑΛΜΩΠΙΑΣ,ΑΛΜΩΠΙΑΣ,ΑΛΜΩΠΙΑΣ
Δ. ΙΕΡΑΠΕΤΡΑΣ,ΙΕΡΑΠΕΤΡΑΣ,ΙΕΡΑΠΕΤΡΑΣ
Δ. ΜΕΓΑΡΕΩΝ,ΜΕΓΑΡΕΩΝ,ΜΕΓΑΡΕΩΝ
Δ. ΑΛΕΞΑΝΔΡΕΙΑΣ,ΑΛΕΞΑΝΔΡΕΙΑΣ,ΑΛΕΞΑΝΔΡΕΙΑΣ
Δ. ΜΟΥΖΑΚΙΟΥ,ΜΟΥΖΑΚΙΟΥ,ΜΟΥΖΑΚΙΟΥ
Δ. ΤΡΙΠΟΛΗΣ,ΤΡΙΠΟΛΗΣ,ΤΡΙΠΟΛΗΣ
Δ. ΑΓΙΑΣ,ΑΓΙΑΣ,ΑΓΙΑΣ
Δ. ΙΣΤΙΑΙΑΣ - ΑΙΔΗΨΟΥ,ΙΣΤΙΑΙΑΣ - ΑΙΔΗΨΟΥ,ΙΣΤΙΑΙΑΣ - ΑΙΔΗΨΟΥ
Δ. ΤΕΜΠΩΝ,ΤΕΜΠΩΝ,ΤΕΜΠΩΝ
Δ. ΚΑΡΥΣΤΟΥ,ΚΑΡΥΣΤΟΥ,ΚΑΡΥΣΤΟΥ
Δ. ΑΙΓΙΝΑΣ,ΑΙΓΙΝΑΣ,ΑΙΓΙΝΑΣ
Δ. ΞΥΛΟΚΑΣΤΡΟΥ-ΕΥΡΩΣΤΙΝΗΣ,ΞΥΛΟΚΑΣΤΡΟΥ-ΕΥΡΩΣΤΙΝΗΣ,ΞΥΛΟΚΑΣΤΡΟΥ - ΕΥΡΩΣΤΙΝΗΣ
Δ. ΕΠΙΔΑΥΡΟΥ,ΕΠΙΔΑΥΡΟΥ,ΕΠΙΔΑΥΡΟΥ
Δ. ΚΥΜΗΣ - ΑΛΙΒΕΡΙΟΥ,ΚΥΜΗΣ - ΑΛΙΒΕΡΙΟΥ,ΚΥΜΗΣ - ΑΛΙΒΕΡΙΟΥ
Δ. ΙΚΑΡΙΑΣ,ΙΚΑΡΙΑΣ,ΙΚΑΡΙΑΣ
Δ. ΜΑΝΤΟΥΔΙΟΥ - ΛΙΜΝΗΣ - ΑΓΙΑΣ ΑΝΝΑΣ,ΜΑΝΤΟΥΔΙΟΥ - ΛΙΜΝΗΣ - ΑΓΙΑΣ ΑΝΝΑΣ,ΜΑΝΤΟΥΔΙΟΥ - ΛΙΜΝΗΣ - ΑΓΙΑΣ ΑΝΝΑΣ
Δ. ΝΟΤΙΟΥ ΠΗΛΙΟΥ,ΝΟΤΙΟΥ ΠΗΛΙΟΥ,ΝΟΤΙΟΥ ΠΗΛΙΟΥ
Δ. ΓΡΕΒΕΝΩΝ,ΓΡΕΒΕΝΩΝ,ΓΡΕΒΕΝΩΝ
Δ. ΕΛΑΣΣΟΝΑΣ,ΕΛΑΣΣΟΝΑΣ,ΕΛΑΣΣΟΝΑΣ
Δ. ΡΟΔΟΥ,ΡΟΔΟΥ,ΡΟΔΟΥ
Δ. ΔΕΛΦΩΝ,ΔΕΛΦΩΝ,ΔΕΛΦΩΝ
Δ. ΔΙΟΝΥΣΟΥ,ΔΙΟΝΥΣΟΥ,ΔΙΟΝΥΣΟΥ
Δ. ΛΙΜΝΗ ΠΛΑΣΤΗΡΑ,ΛΙΜΝΗ ΠΛΑΣΤΗΡΑ,ΧΡΕΙΑΖΕΤΑΙ ΕΛΕΓΧΟ
Δ. ΛΕΒΑΔΕΩΝ,ΛΕΒΑΔΕΩΝ,ΛΕΒΑΔΕΩΝ
Δ. ΑΜΦΙΚΛΕΙΑΣ-ΕΛΑΤΕΙΑΣ,ΑΜΦΙΚΛΕΙΑΣ-ΕΛΑΤΕΙΑΣ,ΑΜΦΙΚΛΕΙΑΣ - ΕΛΑΤΕΙΑΣ
Δ. ΝΕΣΤΟΥ,ΝΕΣΤΟΥ,ΝΕΣΤΟΥ
Δ. ΣΙΘΩΝΙΑΣ,ΣΙΘΩΝΙΑΣ,ΝΕΑΣ ΙΩΝΙΑΣ
Δ. ΚΥΘΗΡΩΝ,ΚΥΘΗΡΩΝ,ΚΥΘΗΡΩΝ
Δ. ΝΕΑΣ ΠΡΟΠΟΝΤΙΔΑΣ,ΝΕΑΣ ΠΡΟΠΟΝΤΙΔΑΣ,ΝΕΑΣ ΠΡΟΠΟΝΤΙΔΑΣ
Δ. ΚΑΛΑΜΑΤΑΣ,ΚΑΛΑΜΑΤΑΣ,ΚΑΛΑΜΑΤΑΣ
Δ. ΞΗΡΟΜΕΡΟΥ,ΞΗΡΟΜΕΡΟΥ,ΞΗΡΟΜΕΡΟΥ
Δ. ΜΕΣΣΗΝΗΣ,ΜΕΣΣΗΝΗΣ,ΜΕΣΣΗΝΗΣ
Δ. ΜΟΝΕΜΒΑΣΙΑΣ,ΜΟΝΕΜΒΑΣΙΑΣ,ΜΟΝΕΜΒΑΣΙΑΣ
Δ. ΑΜΦΙΛΟΧΙΑΣ,ΑΜΦΙΛΟΧΙΑΣ,ΑΜΦΙΛΟΧΙΑΣ
Δ. ΗΛΙΔΑΣ,ΗΛΙΔΑΣ,ΗΛΙΔΑΣ
Δ. ΑΝΔΡΑΒΙΔΑΣ - ΚΥΛΛΗΝΗΣ,ΑΝΔΡΑΒΙΔΑΣ - ΚΥΛΛΗΝΗΣ,ΑΝΔΡΑΒΙΔΑΣ - ΚΥΛΛΗΝΗΣ
Δ. ΚΑΡΠΑΘΟΥ,ΚΑΡΠΑΘΟΥ,ΚΑΡΠΑΘΟΥ
Δ. ΠΑΡΓΑΣ,ΠΑΡΓΑΣ,ΠΑΡΓΑΣ
Δ. ΠΑΓΓΑΙΟΥ,ΠΑΓΓΑΙΟΥ,ΠΑΝΓΑΙΟΥ
Δ. ΕΡΥΜΑΝΘΟΥ,ΕΡΥΜΑΝΘΟΥ,ΕΡΥΜΑΝΘΟΥ
Δ. ΧΑΛΚΙΔΕΩΝ,ΧΑΛΚΙΔΕΩΝ,ΧΑΛΚΙΔΕΩΝ
Δ. ΜΥΛΟΠΟΤΑΜΟΥ,ΜΥΛΟΠΟΤΑΜΟΥ,ΜΥΛΟΠΟΤΑΜΟΥ
Δ. ΣΚΥΡΟΥ,ΣΚΥΡΟΥ,ΣΚΥΡΟΥ
Δ. ΦΑΙΣΤΟΥ,ΦΑΙΣΤΟΥ,ΦΑΙΣΤΟΥ
Δ. ΑΝΔΡΙΤΣΑΙΝΑΣ - ΚΡΕΣΤΕΝΩΝ,ΑΝΔΡΙΤΣΑΙΝΑΣ - ΚΡΕΣΤΕΝΩΝ,ΑΝΔΡΙΤΣΑΙΝΑΣ - ΚΡΕΣΤΕΝΩΝ
Δ. ΝΑΞΟΥ &ΜΙΚΡΩΝ ΚΥΚΛΑΔΩΝ,ΝΑΞΟΥ &ΜΙΚΡΩΝ ΚΥΚΛΑΔΩΝ,ΝΑΞΟΥ ΚΑΙ ΜΙΚΡΩΝ ΚΥΚΛΑΔΩΝ
Δ. ΧΑΝΙΩΝ,ΧΑΝΙΩΝ,ΧΑΝΙΩΝ
Δ. ΣΗΤΕΙΑΣ,ΣΗΤΕΙΑΣ,ΣΗΤΕΙΑΣ
Δ. ΤΟΠΕΙΡΟΥ,ΤΟΠΕΙΡΟΥ,ΤΟΠΕΙΡΟΥ
Δ. ΕΜΜΑΝΟΥΗΛ ΠΑΠΠΑ,ΕΜΜΑΝΟΥΗΛ ΠΑΠΠΑ,ΕΜΜΑΝΟΥΗΛ ΠΑΠΠΑ
Δ. ΧΑΛΚΗΔΟΝΟΣ,ΧΑΛΚΗΔΟΝΟΣ,ΧΑΛΚΗΔΟΝΟΣ
Δ. ΟΡΧΟΜΕΝΟΥ,ΟΡΧΟΜΕΝΟΥ,ΟΡΧΟΜΕΝΟΥ
Δ. ΔΕΛΤΑ,ΔΕΛΤΑ,ΧΡΕΙΑΖΕΤΑΙ ΕΛΕΓΧΟ
Δ. ΣΑΜΟΥ,ΑΝΑΤΟΛΙΚΗΣ ΣΑΜΟΥ,ΑΝΑΤΟΛΙΚΗΣ ΣΑΜΟΥ
Δ. ΜΑΛΕΒΙΖΙΟΥ,ΜΑΛΕΒΙΖΙΟΥ,ΜΑΛΕΒΙΖΙΟΥ
Δ. ΒΙΑΝΝΟΥ,ΒΙΑΝΝΟΥ,ΒΙΑΝΝΟΥ
Δ. ΠΑΡΟΥ,ΠΑΡΟΥ,ΠΑΡΟΥ
Δ. ΕΡΜΙΟΝΙΔΑΣ,ΕΡΜΙΟΝΙΔΑΣ,ΕΡΜΙΟΝΙΔΑΣ
Δ. ΝΕΑΣ ΖΙΧΝΗΣ,ΝΕΑΣ ΖΙΧΝΗΣ,ΧΡΕΙΑΖΕΤΑΙ ΕΛΕΓΧΟ
Δ. ΜΑΡΩΝΕΙΑΣ - ΣΑΠΩΝ,ΜΑΡΩΝΕΙΑΣ - ΣΑΠΩΝ,ΜΑΡΩΝΕΙΑΣ - ΣΑΠΩΝ
Δ. ΑΜΦΙΠΟΛΗΣ,ΑΜΦΙΠΟΛΗΣ,ΑΜΦΙΠΟΛΗΣ
Δ. ΔΙΔΥΜΟΤΕΙΧΟΥ,ΔΙΔΥΜΟΤΕΙΧΟΥ,ΔΙΔΥΜΟΤΕΙΧΟΥ
Δ. ΘΗΒΑΙΩΝ,ΘΗΒΑΙΩΝ,ΘΗΒΑΙΩΝ
Δ. ΣΟΥΛΙΟΥ,ΣΟΥΛΙΟΥ,ΣΟΥΛΙΟΥ
Δ. ΟΡΕΣΤΙΑΔΑΣ,ΟΡΕΣΤΙΑΔΑΣ,ΟΡΕΣΤΙΑΔΑΣ
Δ. ΖΙΤΣΑΣ,ΖΙΤΣΑΣ,ΖΙΤΣΑΣ
Δ. ΦΑΡΚΑΔΟΝΑΣ,ΦΑΡΚΑΔΟΝΑΣ,ΦΑΡΚΑΔΟΝΑΣ
Δ. ΣΕΡΡΩΝ,ΣΕΡΡΩΝ,ΣΕΡΡΩΝ
Δ. ΠΟΛΥΓΥΡΟΥ,ΠΟΛΥΓΥΡΟΥ,ΠΟΛΥΓΥΡΟΥ
Δ. ΚΑΒΑΛΑΣ,ΚΑΒΑΛΑΣ,ΚΑΒΑΛΑΣ
Δ. ΒΟΪΟΥ,ΒΟΪΟΥ,ΒΟΙΟΥ
Δ. ΠΡΟΣΟΤΣΑΝΗΣ,ΠΡΟΣΟΤΣΑΝΗΣ,ΠΡΟΣΟΤΣΑΝΗΣ
Δ. ΔΙΟΥ-ΟΛΥΜΠΙΟΥ,ΔΙΟΥ-ΟΛΥΜΠΙΟΥ,ΔΙΟΥ - ΟΛΥΜΠΟΥ
Δ. ΛΕΣΒΟΥ,ΜΥΤΙΛΗΝΗΣ,ΜΥΤΙΛΗΝΗΣ
Δ. ΚΙΛΕΛΕΡ,ΚΙΛΕΛΕΡ,ΚΙΛΕΛΕΡ
Δ. ΔΩΡΙΔΟΑΣ,ΔΩΡΙΔΟΑΣ,ΔΩΡΙΔΟΣ
Δ. ΝΑΟΥΣΑΣ,ΝΑΟΥΣΑΣ,ΧΡΕΙΑΖΕΤΑΙ ΕΛΕΓΧΟ
Δ. ΠΑΤΡΕΩΝ,ΠΑΤΡΕΩΝ,ΠΑΤΡΕΩΝ
Δ. ΩΡΑΙΟΚΑΣΤΡΟΥ,ΩΡΑΙΟΚΑΣΤΡΟΥ,ΩΡΑΙΟΚΑΣΤΡΟΥ
Δ. ΔΟΞΑΤΟΥ,ΔΟΞΑΤΟΥ,ΔΟΞΑΤΟΥ
Δ. ΚΟΝΙΤΣΑΣ,ΚΟΝΙΤΣΑΣ,ΚΟΝΙΤΣΑΣ
Δ. ΕΟΡΔΑΙΑΣ,ΕΟΡΔΑΙΑΣ,ΕΟΡΔΑΙΑΣ
Δ. ΣΕΡΒΙΩΝ - ΒΕΛΒΕΝΤΟΥ,ΣΕΡΒΙΩΝ,ΣΕΡΒΙΩΝ
Δ. ΤΥΡΝΑΒΟΥ,ΤΥΡΝΑΒΟΥ,ΤΥΡΝΑΒΟΥ
Δ. ΗΡΑΚΛΕΙΟΥ,ΗΡΑΚΛΕΙΟΥ,ΗΡΑΚΛΕΙΟΥ
Δ. ΣΟΥΦΛΙΟΥ,ΣΟΥΦΛΙΟΥ,ΣΟΥΦΛΙΟΥ
Δ. ΑΒΔΗΡΩΝ,ΑΒΔΗΡΩΝ,ΑΒΔΗΡΩΝ
Δ. ΘΕΡΜΗΣ,ΘΕΡΜΗΣ,ΘΕΡΜΗΣ
Δ. ΜΕΤΣΟΒΟΥ,ΜΕΤΣΟΒΟΥ,ΜΕΤΣΟΒΟΥ
Δ. ΔΕΣΚΑΤΗΣ,ΔΕΣΚΑΤΗΣ,ΔΕΣΚΑΤΗΣ
Δ. ΣΚΙΑΘΟΥ,ΣΚΙΑΘΟΥ,ΣΚΙΑΘΟΥ
Δ. ΚΑΝΤΑΝΟΥ-ΣΕΛΙΝΟΥ,ΚΑΝΤΑΝΟΥ-ΣΕΛΙΝΟΥ,ΚΑΝΤΑΝΟΥ - ΣΕΛΙΝΟΥ
Δ. ΟΡΕΣΤΙΔΟΣ,ΟΡΕΣΤΙΔΟΣ,ΟΡΕΣΤΙΑΔΑΣ
Δ. ΔΙΡΦΥΩΝ - ΜΕΣΣΑΠΙΩΝ,ΔΙΡΦΥΩΝ - ΜΕΣΣΑΠΙΩΝ,ΔΙΡΦΥΩΝ - ΜΕΣΣΑΠΙΩΝ
Δ. ΖΑΓΟΡΙΟΥ,ΖΑΓΟΡΙΟΥ,ΖΑΓΟΡΙΟΥ
Δ. ΠΡΕΣΠΩΝ,ΠΡΕΣΠΩΝ,ΠΡΕΣΠΩΝ
Δ. ΒΟΡΕΙΩΝ ΤΖΟΥΜΕΡΚΩΝ,ΒΟΡΕΙΩΝ ΤΖΟΥΜΕΡΚΩΝ,ΒΟΡΕΙΩΝ ΤΖΟΥΜΕΡΚΩΝ
Δ. ΑΠΟΚΟΡΩΝΟΥ,ΑΠΟΚΟΡΩΝΟΥ,ΑΠΟΚΟΡΩΝΟΥ
Δ. ΜΩΛΟΥ,ΜΩΛΟΥ,ΚΙΜΩΛΟΥ
Δ. ΠΗΝΕΙΟΥ,ΠΗΝΕΙΟΥ,ΠΗΝΕΙΟΥ
Δ. ΔΟΜΟΚΟΥ,ΔΟΜΟΚΟΥ,ΔΟΜΟΚΟΥ
Δ. ΦΑΡΣΑΛΩΝ,ΦΑΡΣΑΛΩΝ,ΦΑΡΣΑΛΩΝ
Δ. ΛΟΚΡΩΝ ,ΛΟΚΡΩΝ,ΛΟΚΡΩΝ
Δ. ΑΓΡΑΦΩΝ,ΑΓΡΑΦΩΝ,ΑΓΡΑΦΩΝ
Δ. ΕΡΕΤΡΙΑΣ,ΕΡΕΤΡΙΑΣ,ΕΡΕΤΡΙΑΣ
Δ. ΡΕΘΥΜΝΗΣ,ΡΕΘΥΜΝΗΣ,ΡΕΘΥΜΝΗΣ
Δ. ΤΑΝΑΓΡΑΣ,ΤΑΝΑΓΡΑΣ,ΤΑΝΑΓΡΑΣ
Δ. ΖΑΓΟΡΑΣ-ΜΟΥΡΕΣΙΟΥ,ΖΑΓΟΡΑΣ-ΜΟΥΡΕΣΙΟΥ,ΖΑΓΟΡΑΣ - ΜΟΥΡΕΣΙΟΥ
Δ. ΘΕΡΜΑΙΚΟΥ,ΘΕΡΜΑΙΚΟΥ,ΘΕΡΜΑΙΚΟΥ
Δ. ΠΟΡΟΥ,ΠΟΡΟΥ,ΠΟΡΟΥ
Δ. ΓΟΡΤΥΝΙΑΣ,ΓΟΡΤΥΝΙΑΣ,ΓΟΡΤΥΝΙΑΣ
Δ. ΑΛΙΑΡΤΟΥ,ΑΛΙΑΡΤΟΥ - ΘΕΣΠΙΕΩΝ,ΑΛΙΑΡΤΟΥ - ΘΕΣΠΙΕΩΝ
Δ. ΝΕΣΤΟΡΙΟΥ,ΝΕΣΤΟΡΙΟΥ,ΝΕΣΤΟΡΙΟΥ
Δ. ΚΑΡΠΕΝΗΣΙΟΥ,ΚΑΡΠΕΝΗΣΙΟΥ,ΚΑΡΠΕΝΗΣΙΟΥ
Δ. ΑΓΙΟΥ ΒΑΣΙΛΕΙΟΥ,ΑΓΙΟΥ ΒΑΣΙΛΕΙΟΥ,ΑΓΙΟΥ ΒΑΣΙΛΕΙΟΥ
Δ. ΑΧΑΡΝΩΝ-ΑΣΤΕΡΟΥΣΙΩΝ,ΑΧΑΡΝΩΝ-ΑΣΤΕΡΟΥΣΙΩΝ,ΑΡΧΑΝΩΝ - ΑΣΤΕΡΟΥΣΙΩΝ
Δ. ΣΚΟΠΕΛΟΥ,ΣΚΟΠΕΛΟΥ,ΣΚΟΠΕΛΟΥ
Δ. ΜΥΚΗΣ,ΜΥΚΗΣ,ΜΥΚΗΣ
Δ. ΑΓΙΟΥ ΝΙΚΟΛΑΟΥ,ΑΓΙΟΥ ΝΙΚΟΛΑΟΥ,ΑΓΙΟΥ ΝΙΚΟΛΑΟΥ
Δ. ΡΗΓΑ ΦΕΡΑΙΟΥ,ΡΗΓΑ ΦΕΡΑΙΟΥ,ΡΗΓΑ ΦΕΡΑΙΟΥ
Δ. ΚΑΤΩ ΝΕΥΡΟΚΟΠΙΟΥ,ΚΑΤΩ ΝΕΥΡΟΚΟΠΙΟΥ,ΚΑΤΩ ΝΕΥΡΟΚΟΠΙΟΥ
Δ. ΚΙΣΣΑΜΟΥ,ΚΙΣΣΑΜΟΥ,ΚΙΣΣΑΜΟΥ
Δ. ΓΛΥΦΑΔΑΣ,ΓΛΥΦΑΔΑΣ,ΓΛΥΦΑΔΑΣ
Δ. ΠΛΑΤΑΝΙΑ,ΠΛΑΤΑΝΙΑ,ΠΛΑΤΑΝΙΑ
Δ. ΦΛΩΡΙΝΑΣ,ΦΛΩΡΙΝΑΣ,ΦΛΩΡΙΝΑΣ
Δ. ΜΙΝΩΑ ΠΕΔΙΑΔΑΣ,ΜΙΝΩΑ ΠΕΔΙΑΔΑΣ,ΜΙΝΩΑ ΠΕΔΙΑΔΑΣ
Δ. ΑΜΑΡΙΟΥ,ΑΜΑΡΙΟΥ,ΑΜΑΡΙΟΥ
Δ. ΓΟΡΤΥΝΑΣ,ΓΟΡΤΥΝΑΣ,ΓΟΡΤΥΝΑΣ
Δ. ΟΡΟΠΕΔΙΟΥ ΛΑΣΙΘΙΟΥ,ΟΡΟΠΕΔΙΟΥ ΛΑΣΙΘΙΟΥ,ΟΡΟΠΕΔΙΟΥ ΛΑΣΙΘΙΟΥ
Δ. ΔΥΤΙΚΗΣ ΜΑΝΗΣ,ΔΥΤΙΚΗΣ ΜΑΝΗΣ,ΔΥΤΙΚΗΣ ΜΑΝΗΣ
Δ. ΘΑΣΟΥ,ΘΑΣΟΥ,ΘΑΣΟΥ
Δ. ΒΕΛΟΥ-ΒΟΧΑΣ,ΒΕΛΟΥ-ΒΟΧΑΣ,ΒΕΛΟΥ - ΒΟΧΑΣ
Δ. ΝΟΤΙΑΣ ΚΥΝΟΥΡΙΑΣ,ΝΟΤΙΑΣ ΚΥΝΟΥΡΙΑΣ,ΝΟΤΙΑΣ ΚΥΝΟΥΡΙΑΣ
Δ. ΚΥΘΝΟΥ,ΚΥΘΝΟΥ,ΚΥΘΝΟΥ
Δ. ΝΕΜΕΑΣ,ΝΕΜΕΑΣ,ΝΕΜΕΑΣ
Δ. ΧΕΡΣΟΝΗΣΟΥ,ΧΕΡΣΟΝΗΣΟΥ,ΧΕΡΣΟΝΗΣΟΥ
Δ. ΜΑΡΑΘΩΝΟΣ,ΜΑΡΑΘΩΝΟΣ,ΜΑΡΑΘΩΝΟΣ
Δ. ΣΕΡΙΦΟΥ,ΣΕΡΙΦΟΥ,ΣΕΡΙΦΟΥ
Δ. ΜΑΝΔΡΑΣ - ΕΙΔΥΛΛΙΑΣ,ΜΑΝΔΡΑΣ - ΕΙΔΥΛΛΙΑΣ,ΜΑΝΔΡΑΣ - ΕΙΔΥΛΛΙΑΣ
Δ. ΚΕΑΣ,ΚΕΑΣ,ΚΕΑΣ
Δ. ΑΚΤΙΟΥ - ΒΟΝΙΤΣΑΣ,ΑΚΤΙΟΥ - ΒΟΝΙΤΣΑΣ,ΑΚΤΙΟΥ - ΒΟΝΙΤΣΑΣ
Δ. ΕΛΑΦΟΝΗΣΟΥ,ΕΛΑΦΟΝΗΣΟΥ,ΕΛΑΦΟΝΗΣΟΥ
Δ. ΠΑΞΩΝ,ΠΑΞΩΝ,ΠΑΞΩΝ
Δ. ΑΣΠΡΟΠΥΡΓΟΥ,ΑΣΠΡΟΠΥΡΓΟΥ,ΑΣΠΡΟΠΥΡΓΟΥ
Δ. ΣΠΑΤΩΝ - ΑΡΤΕΜΙΔΟΣ,ΣΠΑΤΩΝ - ΑΡΤΕΜΙΔΟΣ,ΣΠΑΤΩΝ - ΑΡΤΕΜΙΔΟΣ
Δ. ΒΑΡΗΣ - ΒΟΥΛΑΣ - ΒΟΥΛΙΑΓΜΕΝΗΣ,ΒΑΡΗΣ - ΒΟΥΛΑΣ - ΒΟΥΛΙΑΓΜΕΝΗΣ,ΒΑΡΗΣ - ΒΟΥΛΑΣ - ΒΟΥΛΙΑΓΜΕΝΗΣ
Δ. ΗΛΙΟΥΠΟΛΕΩΣ,ΗΛΙΟΥΠΟΛΕΩΣ,ΗΛΙΟΥΠΟΛΕΩΣ
Δ. ΠΑΠΑΓΟΥ - ΧΟΛΑΡΓΟΥ,ΠΑΠΑΓΟΥ - ΧΟΛΑΡΓΟΥ,ΠΑΠΑΓΟΥ - ΧΟΛΑΡΓΟΥ
Δ. ΠΕΡΑΜΑΤΟΣ,ΠΕΡΑΜΑΤΟΣ,ΠΕΡΑΜΑΤΟΣ
Δ. ΕΛΕΥΣΙΝΑΣ,ΕΛΕΥΣΙΝΑΣ,ΕΛΕΥΣΙΝΑΣ
Δ. ΣΦΑΚΙΩΝ,ΣΦΑΚΙΩΝ,ΣΦΑΚΙΩΝ
Δ. ΑΓΙΟΝ ΟΡΟΣ,ΑΓΙΟ ΟΡΟΣ (ΑΥΤΟΝΟΜΟ),ΑΓΙΟ ΟΡΟΣ (ΑΥΤΟΝΟΜΟ)
Δ. ΧΑΪΔΑΡΙΟΥ,ΧΑΪΔΑΡΙΟΥ,ΧΑΙΔΑΡΙΟΥ
Δ. ΚΑΛΑΜΑΡΙΑΣ,ΚΑΛΑΜΑΡΙΑΣ,ΚΑΛΑΜΑΡΙΑΣ
Δ. ΘΕΣΣΑΛΟΝΙΚΗΣ,ΘΕΣΣΑΛΟΝΙΚΗΣ,ΘΕΣΣΑΛΟΝΙΚΗΣ
Δ. ΩΡΩΠΟΥ,ΩΡΩΠΟΥ,ΩΡΩΠΟΥ
Δ. ΚΡΩΠΙΑΣ,ΚΡΩΠΙΑΣ,ΚΡΩΠΙΑΣ
Δ. ΕΛΛΗΝΙΚΟΥ - ΑΡΓΥΡΟΥΠΟΛΗΣ,ΕΛΛΗΝΙΚΟΥ - ΑΡΓΥΡΟΥΠΟΛΗΣ,ΕΛΛΗΝΙΚΟΥ - ΑΡΓΥΡΟΥΠΟΛΗΣ
Δ. ΠΑΙΑΝΙΑΣ,ΠΑΙΑΝΙΑΣ,ΠΑΙΑΝΙΑΣ
Δ. ΣΑΛΑΜΙΝΑΣ,ΣΑΛΑΜΙΝΑΣ,ΣΑΛΑΜΙΝΟΣ
Δ. ΣΙΦΝΟΥ,ΣΙΦΝΟΥ,ΣΙΦΝΟΥ
Δ. ΑΧΑΡΝΩΝ,ΑΧΑΡΝΩΝ,ΑΧΑΡΝΩΝ
Δ. ΑΡΓΙΘΕΑΣ,ΑΡΓΙΘΕΑΣ,ΑΡΓΙΘΕΑΣ
Δ. ΜΗΛΟΥ,ΜΗΛΟΥ,ΜΗΛΟΥ
Δ. ΑΜΥΝΤΑΙΟΥ,ΑΜΥΝΤΑΙΟΥ,ΑΜΥΝΤΑΙΟΥ
Δ. ΣΥΡΟΥ-ΕΡΜΟΥΠΟΛΕΩΣ,ΣΥΡΟΥ-ΕΡΜΟΥΠΟΛΕΩΣ,ΣΥΡΟΥ - ΕΡΜΟΥΠΟΛΗΣ
Δ. ΜΥΚΟΝΟΥ,ΜΥΚΟΝΟΥ,ΜΥΚΟΝΟΥ
Δ. ΣΑΜΟΘΡΑΚΗΣ,ΣΑΜΟΘΡΑΚΗΣ,ΣΑΜΟΘΡΑΚΗΣ
Δ. ΝΕΑΠΟΛΗΣ-ΣΥΚΕΩΝ,ΝΕΑΠΟΛΗΣ-ΣΥΚΕΩΝ,ΝΕΑΠΟΛΗΣ - ΣΥΚΕΩΝ
Δ. ΖΩΓΡΑΦΟΥ,ΖΩΓΡΑΦΟΥ,ΖΩΓΡΑΦΟΥ
Δ. ΑΝΩΓΕΙΩΝ,ΑΝΩΓΕΙΩΝ,ΑΝΩΓΕΙΩΝ
Δ. ΙΗΤΩΝ,ΙΗΤΩΝ,ΙΗΤΩΝ
Δ. ΠΥΛΑΙΑΣ-ΧΟΡΤΙΑΤΗ,ΠΥΛΑΙΑΣ-ΧΟΡΤΙΑΤΗ,ΠΥΛΑΙΑΣ - ΧΟΡΤΙΑΤΗ
Δ. ΑΓΚΙΣΤΡΙΟΥ,ΑΓΚΙΣΤΡΙΟΥ,ΑΓΚΙΣΤΡΙΟΥ
Δ. ΡΑΦΗΝΑΣ - ΠΙΚΕΡΜΙΟΥ,ΡΑΦΗΝΑΣ - ΠΙΚΕΡΜΙΟΥ,ΡΑΦΗΝΑΣ - ΠΙΚΕΡΜΙΟΥ
Δ. ΑΡΡΙΑΝΩΝ,ΑΡΡΙΑΝΩΝ,ΑΡΡΙΑΝΩΝ
Δ. ΘΗΡΑΣ,ΘΗΡΑΣ,ΘΗΡΑΣ
Δ. ΠΕΝΤΕΛΗΣ,ΠΕΝΤΕΛΗΣ,ΠΕΝΤΕΛΗΣ
Δ. ΠΑΛΛΗΝΗΣ,ΠΑΛΛΗΝΗΣ,ΠΑΛΛΗΝΗΣ
Δ. ΥΔΡΑΣ,ΥΔΡΑΣ,ΥΔΡΑΣ
Δ. ΠΑΥΛΟΥ ΜΕΛΑ,ΠΑΥΛΟΥ ΜΕΛΑ,ΠΑΥΛΟΥ ΜΕΛΑ
Δ. ΑΛΟΝΝΗΣΟΥ,ΑΛΟΝΝΗΣΟΥ,ΑΛΟΝΝΗΣΟΥ
Δ. ΜΕΓΑΝΗΣΟΥ,ΜΕΓΑΝΗΣΟΥ,ΜΕΓΑΝΗΣΙΟΥ
Δ. ΑΝΑΦΗΣ,ΑΝΑΦΗΣ,ΑΝΑΦΗΣ
Δ. ΑΘΗΝΑΙΩΝ,ΑΘΗΝΑΙΩΝ,ΑΘΗΝΑΙΩΝ
Δ. ΚΕΡΑΤΣΙΝΙΟΥ - ΔΡΑΠΕΤΣΩΝΑΣ,ΚΕΡΑΤΣΙΝΙΟΥ - ΔΡΑΠΕΤΣΩΝΑΣ,ΚΕΡΑΤΣΙΝΙΟΥ - ΔΡΑΠΕΤΣΩΝΑΣ
Δ. ΛΕΡΟΥ,ΛΕΡΟΥ,ΛΕΡΟΥ
Δ. ΠΕΙΡΑΙΩΣ,ΠΕΙΡΑΙΩΣ,ΧΡΕΙΑΖΕΤΑΙ ΕΛΕΓΧΟ
Δ. ΕΥΟΣΜΟΥ-ΚΟΡΔΕΛΙΟΥ,ΚΟΡΔΕΛΙΟΥ - ΕΥΟΣΜΟΥ,ΚΟΡΔΕΛΙΟΥ - ΕΥΟΣΜΟΥ
Δ. ΦΟΥΡΝΩΝ ΚΟΡΣΕΩΝ,ΦΟΥΡΝΩΝ ΚΟΡΣΕΩΝ,ΦΟΥΡΝΩΝ ΚΟΡΣΕΩΝ
Δ. ΑΜΟΡΓΟΥ,ΑΜΟΡΓΟΥ,ΑΜΟΡΓΟΥ
Δ. ΝΑΞΟΥ & ΜΙΚΡΩΝ ΚΥΚΛΑΔΩΝ,ΝΑΞΟΥ & ΜΙΚΡΩΝ ΚΥΚΛΑΔΩΝ,ΝΑΞΟΥ ΚΑΙ ΜΙΚΡΩΝ ΚΥΚΛΑΔΩΝ
Δ. ΚΑΛΥΜΝΙΩΝ,ΚΑΛΥΜΝΙΩΝ,ΚΑΛΥΜΝΙΩΝ
Δ. ΑΜΠΕΛΟΚΗΠΩΝ-ΜΕΝΕΜΕΝΗΣ,ΑΜΠΕΛΟΚΗΠΩΝ-ΜΕΝΕΜΕΝΗΣ,ΑΜΠΕΛΟΚΗΠΩΝ - ΜΕΝΕΜΕΝΗΣ
Δ. ΚΑΙΣΑΡΙΑΝΗΣ,ΚΑΙΣΑΡΙΑΝΗΣ,ΚΑΙΣΑΡΙΑΝΗΣ
Δ. ΒΥΡΩΝΟΣ,ΒΥΡΩΝΟΣ,ΒΥΡΩΝΟΣ
Δ. ΑΓΙΩΝ ΑΝΑΡΓΥΡΩΝ - ΚΑΜΑΤΕΡΟΥ,ΑΓΙΩΝ ΑΝΑΡΓΥΡΩΝ - ΚΑΜΑΤΕΡΟΥ,ΑΓΙΩΝ ΑΝΑΡΓΥΡΩΝ - ΚΑΜΑΤΕΡΟΥ
Δ. ΤΗΛΟΥ,ΤΗΛΟΥ,ΤΗΛΟΥ
Δ. ΣΠΕΤΣΩΝ,ΣΠΕΤΣΩΝ,ΣΠΕΤΣΩΝ
Δ. ΦΥΛΗΣ,ΦΥΛΗΣ,ΦΥΛΗΣ
Δ. ΣΙΚΙΝΟΥ,ΣΙΚΙΝΟΥ,ΣΙΚΙΝΟΥ
Δ. ΚΟΡΥΔΑΛΛΟΥ,ΚΟΡΥΔΑΛΛΟΥ,ΚΟΡΥΔΑΛΛΟΥ
Δ. ΠΕΡΙΣΤΕΡΙΟΥ,ΠΕΡΙΣΤΕΡΙΟΥ,ΠΕΡΙΣΤΕΡΙΟΥ
Δ. ΓΑΛΑΤΣΙΟΥ,ΓΑΛΑΤΣΙΟΥ,ΓΑΛΑΤΣΙΟΥ
Δ. ΠΕΤΡΟΥΠΟΛΕΩΣ,ΠΕΤΡΟΥΠΟΛΕΩΣ,ΠΕΤΡΟΥΠΟΛΕΩΣ
Δ. ΝΙΣΥΡΟΥ,ΝΙΣΥΡΟΥ,ΝΙΣΥΡΟΥ
Δ. ΓΑΥΔΟΥ,ΓΑΥΔΟΥ,ΓΑΥΔΟΥ
Δ. ΑΓΑΘΟΝΗΣΙΟΥ,ΑΓΑΘΟΝΗΣΙΟΥ,ΑΓΑΘΟΝΗΣΙΟΥ
Δ. ΚΙΜΩΛΟΥ,ΚΙΜΩΛΟΥ,ΚΙΜΩΛΟΥ
Δ. ΟΙΝΟΥΣΣΩΝ,ΟΙΝΟΥΣΣΩΝ,ΧΡΕΙΑΖΕΤΑΙ ΕΛΕΓΧΟ
Δ. ΖΑΚΥΝΘΟΥ,ΖΑΚΥΝΘΟΥ,ΖΑΚΥΝΘΟΥ
Δ. ΨΑΡΩΝ,ΨΑΡΩΝ,ΧΡΕΙΑΖΕΤΑΙ ΕΛΕΓΧΟ
Δ. ΦΟΛΕΓΑΝΔΡΟΥ,ΦΟΛΕΓΑΝΔΡΟΥ,ΦΟΛΕΓΑΝΔΡΟΥ
Δ. ΑΡΧΑΝΩΝ-ΑΣΤΕΡΟΥΣΙΩΝ,ΑΡΧΑΝΩΝ-ΑΣΤΕΡΟΥΣΙΩΝ,ΑΡΧΑΝΩΝ - ΑΣΤΕΡΟΥΣΙΩΝ
Δ. ΒΟΛΟΥ,ΒΟΛΟΥ,ΒΟΛΟΥ
Δ. ΦΙΛΟΘΕΗΣ - ΨΥΧΙΚΟΥ,ΦΙΛΟΘΕΗΣ - ΨΥΧΙΚΟΥ,ΦΙΛΟΘΕΗΣ - ΨΥΧΙΚΟΥ
Δ. ΙΛΙΟΥ,ΙΛΙΟΥ,ΙΛΙΟΥ
Δ. ΚΗΦΙΣΙΑΣ,ΚΗΦΙΣΙΑΣ,ΚΗΦΙΣΙΑΣ
Δ. ΜΕΓΙΣΤΗΣ,ΜΕΓΙΣΤΗΣ,ΜΕΓΙΣΤΗΣ
Δ. ΜΕΤΕΩΡΩΝ,ΜΕΤΕΩΡΩΝ,ΧΡΕΙΑΖΕΤΑΙ ΕΛΕΓΧΟ
Δ. ΑΙΓΑΛΕΩ,ΑΙΓΑΛΕΩ,ΑΙΓΑΛΕΩ
Δ. ΑΜΑΡΟΥΣΙΟΥ,ΑΜΑΡΟΥΣΙΟΥ,ΑΜΑΡΟΥΣΙΟΥ
Δ. ΔΙΟΥ-ΟΛΥΜΠΟΥ,ΔΙΟΥ-ΟΛΥΜΠΟΥ,ΔΙΟΥ - ΟΛΥΜΠΟΥ
Δ. ΑΝΤΙΠΑΡΟΥ,ΑΝΤΙΠΑΡΟΥ,ΑΝΤΙΠΑΡΟΥ
Δ. ΚΑΜΕΝΩΝ ΒΟΥΡΛΩΝ,ΚΑΜΕΝΩΝ ΒΟΥΡΛΩΝ,ΧΡΕΙΑΖΕΤΑΙ ΕΛΕΓΧΟ
Δ. ΑΝΑΤΟΛΙΚΗΣ ΣΑΜΟΥ,ΑΝΑΤΟΛΙΚΗΣ ΣΑΜΟΥ,ΑΝΑΤΟΛΙΚΗΣ ΣΑΜΟΥ
Δ. ΝΟΤΙΑΣ ΚΕΡΚΥΡΑΣ,ΝΟΤΙΑΣ ΚΕΡΚΥΡΑΣ,ΝΟΤΙΑΣ ΚΕΡΚΥΡΑΣ
Δ. ΒΟΡΕΙΑΣ ΚΕΡΚΥΡΑΣ,ΒΟΡΕΙΑΣ ΚΕΡΚΥΡΑΣ,ΒΟΡΕΙΑΣ ΚΕΡΚΥΡΑΣ
Δ. ΠΑΤΜΟΥ,ΠΑΤΜΟΥ,ΠΑΤΜΟΥ
Δ. ΚΕΝΤΡΙΚΗΣ ΚΕΡΚΥΡΑΣ & ΔΙΑΠΟΝΤΙΩΝ ΝΗΣΩΝ,ΚΕΝΤΡΙΚΗΣ ΚΕΡΚΥΡΑΣ & ΔΙΑΠΟΝΤΙΩΝ ΝΗΣΩΝ,ΧΡΕΙΑΖΕΤΑΙ ΕΛΕΓΧΟ
Δ. ΜΥΤΙΛΗΝΗΣ,ΜΥΤΙΛΗΝΗΣ,ΜΥΤΙΛΗΝΗΣ
Δ. ΑΡΓΟΣΤΟΛΙΟΥ,ΑΡΓΟΣΤΟΛΙΟΥ,ΑΡΓΟΣΤΟΛΙΟΥ
Δ. ΣΑΜΗΣ,ΣΑΜΗΣ,ΣΑΜΗΣ
Δ. ΣΕΡΒΙΩΝ,ΣΕΡΒΙΩΝ,ΣΕΡΒΙΩΝ
Δ. ΔΥΤΙΚΗΣ ΛΕΣΒΟΥ,ΔΥΤΙΚΗΣ ΛΕΣΒΟΥ,ΔΥΤΙΚΗΣ ΛΕΣΒΟΥ
Δ. ΛΗΞΟΥΡΙΟΥ,ΛΗΞΟΥΡΙΟΥ,ΛΗΞΟΥΡΙΟΥ
Δ. ΔΥΤΙΚΗΣ ΣΑΜΟΥ,ΔΥΤΙΚΗΣ ΣΑΜΟΥ,ΔΥΤΙΚΗΣ ΣΑΜΟΥ
Δ. ΚΑΣΟΥ,ΚΑΣΟΥ,ΚΑΣΟΥ
Δ. ΒΕΛΒΕΝΤΟΥ,ΒΕΛΒΕΝΤΟΥ,ΒΕΛΒΕΝΤΟΥ
Δ. ΝΙΚΑΙΑΣ - ΑΓΙΟΥ ΙΩΑΝΝΗ ΡΕΝΤΗ,ΝΙΚΑΙΑΣ - ΑΓΙΟΥ ΙΩΑΝΝΗ ΡΕΝΤΗ,ΝΙΚΑΙΑΣ - ΑΓΙΟΥ ΙΩΑΝΝΗ ΡΕΝΤΗ
Δ. ΔΩΡΙΔΟΣ,ΔΩΡΙΔΟΣ,ΔΩΡΙΔΟΣ
Δ. ΣΥΜΗΣ,ΣΥΜΗΣ,ΣΥΜΗΣ
ΜΟΝΕΜΒΑΣΙΑΣ,ΜΟΝΕΜΒΑΣΙΑΣ,ΜΟΝΕΜΒΑΣΙΑΣ
ΘΗΒΑΙΩΝ,ΘΗΒΑΙΩΝ,ΘΗΒΑΙΩΝ
ΧΑΛΚΗΔΟΝΟΣ,ΧΑΛΚΗΔΟΝΟΣ,ΧΑΛΚΗΔΟΝΟΣ
ΑΡΓΟΥΣ - ΜΥΚΗΝΩΝ,ΑΡΓΟΥΣ - ΜΥΚΗΝΩΝ,ΑΡΓΟΥΣ - ΜΥΚΗΝΩΝ
ΕΥΡΩΤΑ,ΕΥΡΩΤΑ,ΕΥΡΩΤΑ
ΚΑΝΤΑΝΟΥ - ΣΕΛΙΝΟΥ,ΚΑΝΤΑΝΟΥ - ΣΕΛΙΝΟΥ,ΚΑΝΤΑΝΟΥ - ΣΕΛΙΝΟΥ
ΚΕΦΑΛΟΝΙΑΣ,ΚΕΦΑΛΟΝΙΑΣ,ΧΡΕΙΑΖΕΤΑΙ ΕΛΕΓΧΟ
ΕΔΕΣΣΑΣ,ΕΔΕΣΣΑΣ,ΕΔΕΣΣΑΣ
ΕΡΜΙΟΝΙΔΑΣ,ΕΡΜΙΟΝΙΔΑΣ,ΕΡΜΙΟΝΙΔΑΣ
ΑΝΔΡΑΒΙΔΑΣ - ΚΥΛΛΗΝΗΣ,ΑΝΔΡΑΒΙΔΑΣ - ΚΥΛΛΗΝΗΣ,ΑΝΔΡΑΒΙΔΑΣ - ΚΥΛΛΗΝΗΣ
ΚΑΛΑΜΑΤΑΣ,ΚΑΛΑΜΑΤΑΣ,ΚΑΛΑΜΑΤΑΣ
ΝΙΚΟΛΑΟΥ ΣΚΟΥΦΑ,ΝΙΚΟΛΑΟΥ ΣΚΟΥΦΑ,ΝΙΚΟΛΑΟΥ ΣΚΟΥΦΑ
ΠΑΓΓΑΙΟΥ,ΠΑΓΓΑΙΟΥ,ΠΑΝΓΑΙΟΥ
ΠΗΝΕΙΟΥ,ΠΗΝΕΙΟΥ,ΠΗΝΕΙΟΥ
ΑΡΧΑΝΩΝ - ΑΣΤΕΡΟΥΣΙΩΝ,ΑΡΧΑΝΩΝ - ΑΣΤΕΡΟΥΣΙΩΝ,ΑΡΧΑΝΩΝ - ΑΣΤΕΡΟΥΣΙΩΝ
ΒΟΙΟΥ,ΒΟΙΟΥ,ΒΟΙΟΥ
ΙΑΣΜΟΥ,ΙΑΣΜΟΥ,ΧΡΕΙΑΖΕΤΑΙ ΕΛΕΓΧΟ
ΠΥΡΓΟΥ,ΠΥΡΓΟΥ,ΠΥΡΓΟΥ
ΞΥΛΟΚΑΣΤΡΟΥ - ΕΥΡΩΣΤΙΝΗΣ,ΞΥΛΟΚΑΣΤΡΟΥ - ΕΥΡΩΣΤΙΝΗΣ,ΞΥΛΟΚΑΣΤΡΟΥ - ΕΥΡΩΣΤΙΝΗΣ
ΤΡΙΚΚΑΙΩΝ,ΤΡΙΚΚΑΙΩΝ,ΤΡΙΚΚΑΙΩΝ
ΚΥΜΗΣ - ΑΛΙΒΕΡΙΟΥ,ΚΥΜΗΣ - ΑΛΙΒΕΡΙΟΥ,ΚΥΜΗΣ - ΑΛΙΒΕΡΙΟΥ
ΚΑΣΤΟΡΙΑΣ,ΚΑΣΤΟΡΙΑΣ,ΚΑΣΤΟΡΙΑΣ
ΣΗΤΕΙΑΣ,ΣΗΤΕΙΑΣ,ΣΗΤΕΙΑΣ
ΝΕΣΤΟΥ,ΝΕΣΤΟΥ,ΝΕΣΤΟΥ
ΓΡΕΒΕΝΩΝ,ΓΡΕΒΕΝΩΝ,ΓΡΕΒΕΝΩΝ
ΑΛΜΥΡΟΥ,ΑΛΜΥΡΟΥ,ΑΛΜΥΡΟΥ
ΒΟΡΕΙΑΣ ΚΥΝΟΥΡΙΑΣ,ΒΟΡΕΙΑΣ ΚΥΝΟΥΡΙΑΣ,ΒΟΡΕΙΑΣ ΚΥΝΟΥΡΙΑΣ
ΣΕΡΡΩΝ,ΣΕΡΡΩΝ,ΣΕΡΡΩΝ
ΑΝΔΡΟΥ,ΑΝΔΡΟΥ,ΑΝΔΡΟΥ
ΑΛΟΝΝΗΣΟΥ,ΑΛΟΝΝΗΣΟΥ,ΑΛΟΝΝΗΣΟΥ
ΔΕΣΚΑΤΗΣ,ΔΕΣΚΑΤΗΣ,ΔΕΣΚΑΤΗΣ
ΙΕΡΑΠΕΤΡΑΣ,ΙΕΡΑΠΕΤΡΑΣ,ΙΕΡΑΠΕΤΡΑΣ
ΚΑΤΩ ΝΕΥΡΟΚΟΠΙΟΥ,ΚΑΤΩ ΝΕΥΡΟΚΟΠΙΟΥ,ΚΑΤΩ ΝΕΥΡΟΚΟΠΙΟΥ
ΕΛΑΣΣΟΝΑΣ,ΕΛΑΣΣΟΝΑΣ,ΕΛΑΣΣΟΝΑΣ
ΚΟΜΟΤΗΝΗΣ,ΚΟΜΟΤΗΝΗΣ,ΚΟΜΟΤΗΝΗΣ
ΛΑΡΙΣΑΙΩΝ,ΛΑΡΙΣΑΙΩΝ,ΛΑΡΙΣΑΙΩΝ
ΜΑΡΩΝΕΙΑΣ - ΣΑΠΩΝ,ΜΑΡΩΝΕΙΑΣ - ΣΑΠΩΝ,ΜΑΡΩΝΕΙΑΣ - ΣΑΠΩΝ
ΔΥΤΙΚΗΣ ΑΧΑΙΑΣ,ΔΥΤΙΚΗΣ ΑΧΑΙΑΣ,ΔΥΤΙΚΗΣ ΑΧΑΙΑΣ
ΚΙΛΚΙΣ,ΚΙΛΚΙΣ,ΚΙΛΚΙΣ
ΑΛΕΞΑΝΔΡΟΥΠΟΛΗΣ,ΑΛΕΞΑΝΔΡΟΥΠΟΛΗΣ,ΑΛΕΞΑΝΔΡΟΥΠΟΛΗΣ
ΝΟΤΙΑΣ ΚΥΝΟΥΡΙΑΣ,ΝΟΤΙΑΣ ΚΥΝΟΥΡΙΑΣ,ΝΟΤΙΑΣ ΚΥΝΟΥΡΙΑΣ
ΜΑΝΤΟΥΔΙΟΥ - ΛΙΜΝΗΣ - ΑΓΙΑΣ ΑΝΝΑΣ,ΜΑΝΤΟΥΔΙΟΥ - ΛΙΜΝΗΣ - ΑΓΙΑΣ ΑΝΝΑΣ,ΜΑΝΤΟΥΔΙΟΥ - ΛΙΜΝΗΣ - ΑΓΙΑΣ ΑΝΝΑΣ
ΔΙΔΥΜΟΤΕΙΧΟΥ,ΔΙΔΥΜΟΤΕΙΧΟΥ,ΔΙΔΥΜΟΤΕΙΧΟΥ
ΜΟΥΖΑΚΙΟΥ,ΜΟΥΖΑΚΙΟΥ,ΜΟΥΖΑΚΙΟΥ
ΤΡΟΙΖΗΝΙΑΣ,ΤΡΟΙΖΗΝΙΑΣ,ΧΡΕΙΑΖΕΤΑΙ ΕΛΕΓΧΟ
ΣΠΑΡΤΗΣ,ΣΠΑΡΤΗΣ,ΣΠΑΡΤΗΣ
ΣΟΥΦΛΙΟΥ,ΣΟΥΦΛΙΟΥ,ΣΟΥΦΛΙΟΥ
ΙΕΡΑΣ ΠΟΛΗΣ ΜΕΣΟΛΟΓΓΙΟΥ,ΙΕΡΑΣ ΠΟΛΗΣ ΜΕΣΟΛΟΓΓΙΟΥ,ΙΕΡΑΣ ΠΟΛΗΣ ΜΕΣΟΛΟΓΓΙΟΥ
ΑΜΦΙΛΟΧΙΑΣ,ΑΜΦΙΛΟΧΙΑΣ,ΑΜΦΙΛΟΧΙΑΣ
ΗΛΙΔΑΣ,ΗΛΙΔΑΣ,ΗΛΙΔΑΣ
ΚΑΤΕΡΙΝΗΣ,ΚΑΤΕΡΙΝΗΣ,ΚΑΤΕΡΙΝΗΣ
ΝΑΞΟΥ ΚΑΙ ΜΙΚΡΩΝ ΚΥΚΛΑΔΩΝ,ΝΑΞΟΥ ΚΑΙ ΜΙΚΡΩΝ ΚΥΚΛΑΔΩΝ,ΝΑΞΟΥ ΚΑΙ ΜΙΚΡΩΝ ΚΥΚΛΑΔΩΝ
ΦΛΩΡΙΝΑΣ,ΦΛΩΡΙΝΑΣ,ΦΛΩΡΙΝΑΣ
ΣΙΝΤΙΚΗΣ,ΣΙΝΤΙΚΗΣ,ΣΙΝΤΙΚΗΣ
ΒΕΛΟΥ - ΒΟΧΑΣ,ΒΕΛΟΥ - ΒΟΧΑΣ,ΒΕΛΟΥ - ΒΟΧΑΣ
ΧΙΟΥ,ΧΙΟΥ,ΧΙΟΥ
ΒΕΡΟΙΑΣ,ΒΕΡΟΙΑΣ,ΒΕΡΟΙΑΣ
ΛΑΜΙΕΩΝ,ΛΑΜΙΕΩΝ,ΛΑΜΙΕΩΝ
ΠΛΑΤΑΝΙΑ,ΠΛΑΤΑΝΙΑ,ΠΛΑΤΑΝΙΑ
ΛΗΜΝΟΥ,ΛΗΜΝΟΥ,ΛΗΜΝΟΥ
ΙΣΤΙΑΙΑΣ - ΑΙΔΗΨΟΥ,ΙΣΤΙΑΙΑΣ - ΑΙΔΗΨΟΥ,ΙΣΤΙΑΙΑΣ - ΑΙΔΗΨΟΥ
ΚΙΣΣΑΜΟΥ,ΚΙΣΣΑΜΟΥ,ΚΙΣΣΑΜΟΥ
ΑΓΙΟΥ ΒΑΣΙΛΕΙΟΥ,ΑΓΙΟΥ ΒΑΣΙΛΕΙΟΥ,ΑΓΙΟΥ ΒΑΣΙΛΕΙΟΥ
ΗΡΑΚΛΕΙΟΥ,ΗΡΑΚΛΕΙΟΥ,ΗΡΑΚΛΕΙΟΥ
ΑΜΑΡΙΟΥ,ΑΜΑΡΙΟΥ,ΑΜΑΡΙΟΥ
ΦΙΛΙΑΤΩΝ,ΦΙΛΙΑΤΩΝ,ΦΙΛΙΑΤΩΝ
ΑΓΡΙΝΙΟΥ,ΑΓΡΙΝΙΟΥ,ΑΓΡΙΝΙΟΥ
ΒΙΑΝΝΟΥ,ΒΙΑΝΝΟΥ,ΒΙΑΝΝΟΥ
ΚΟΡΙΝΘΙΩΝ,ΚΟΡΙΝΘΙΩΝ,ΚΟΡΙΝΘΙΩΝ
ΤΕΜΠΩΝ,ΤΕΜΠΩΝ,ΤΕΜΠΩΝ
ΚΑΡΥΣΤΟΥ,ΚΑΡΥΣΤΟΥ,ΚΑΡΥΣΤΟΥ
ΕΠΙΔΑΥΡΟΥ,ΕΠΙΔΑΥΡΟΥ,ΕΠΙΔΑΥΡΟΥ
ΣΕΡΒΙΩΝ - ΒΕΛΒΕΝΤΟΥ,ΣΕΡΒΙΩΝ,ΣΕΡΒΙΩΝ
ΜΙΝΩΑ ΠΕΔΙΑΔΑΣ,ΜΙΝΩΑ ΠΕΔΙΑΔΑΣ,ΜΙΝΩΑ ΠΕΔΙΑΔΑΣ
ΑΓΙΟΥ ΝΙΚΟΛΑΟΥ,ΑΓΙΟΥ ΝΙΚΟΛΑΟΥ,ΑΓΙΟΥ ΝΙΚΟΛΑΟΥ
ΤΡΙΠΟΛΗΣ,ΤΡΙΠΟΛΗΣ,ΤΡΙΠΟΛΗΣ
ΜΑΚΡΑΚΩΜΗΣ,ΜΑΚΡΑΚΩΜΗΣ,ΜΑΚΡΑΚΩΜΗΣ
ΑΝΑΤΟΛΙΚΗΣ ΜΑΝΗΣ,ΑΝΑΤΟΛΙΚΗΣ ΜΑΝΗΣ,ΑΝΑΤΟΛΙΚΗΣ ΜΑΝΗΣ
ΓΟΡΤΥΝΙΑΣ,ΓΟΡΤΥΝΙΑΣ,ΓΟΡΤΥΝΙΑΣ
ΛΟΥΤΡΑΚΙΟΥ - ΑΓΙΩΝ ΘΕΟΔΩΡΩΝ,ΛΟΥΤΡΑΚΙΟΥ - ΑΓΙΩΝ ΘΕΟΔΩΡΩΝ,ΛΟΥΤΡΑΚΙΟΥ - ΠΕΡΑΧΩΡΑΣ - ΑΓΙΩΝ ΘΕΟΔΩΡΩΝ
ΤΟΠΕΙΡΟΥ,ΤΟΠΕΙΡΟΥ,ΤΟΠΕΙΡΟΥ
ΠΑΡΑΝΕΣΤΙΟΥ,ΠΑΡΑΝΕΣΤΙΟΥ,ΠΑΡΑΝΕΣΤΙΟΥ
ΜΑΛΕΒΙΖΙΟΥ,ΜΑΛΕΒΙΖΙΟΥ,ΜΑΛΕΒΙΖΙΟΥ
ΑΙΓΙΑΛΕΙΑΣ,ΑΙΓΙΑΛΕΙΑΣ,ΑΙΓΙΑΛΕΙΑΣ
ΖΑΚΥΝΘΟΥ,ΖΑΚΥΝΘΟΥ,ΖΑΚΥΝΘΟΥ
ΠΑΡΟΥ,ΠΑΡΟΥ,ΠΑΡΟΥ
ΠΥΛΟΥ - ΝΕΣΤΟΡΟΣ,ΠΥΛΟΥ - ΝΕΣΤΟΡΟΣ,ΠΥΛΟΥ - ΝΕΣΤΟΡΟΣ
ΖΑΧΑΡΩΣ,ΖΑΧΑΡΩΣ,ΖΑΧΑΡΩΣ
ΑΡΙΣΤΟΤΕΛΗ,ΑΡΙΣΤΟΤΕΛΗ,ΑΡΙΣΤΟΤΕΛΗ
ΡΟΔΟΥ,ΡΟΔΟΥ,ΡΟΔΟΥ
ΒΟΛΟΥ,ΒΟΛΟΥ,ΒΟΛΟΥ
ΚΑΡΠΑΘΟΥ,ΚΑΡΠΑΘΟΥ,ΚΑΡΠΑΘΟΥ
ΚΑΣΣΑΝΔΡΑΣ,ΚΑΣΣΑΝΔΡΑΣ,ΚΑΣΣΑΝΔΡΑΣ
ΝΑΥΠΛΙΕΩΝ,ΝΑΥΠΛΙΕΩΝ,ΝΑΥΠΛΙΕΩΝ
ΛΕΣΒΟΥ,ΜΥΤΙΛΗΝΗΣ,ΜΥΤΙΛΗΝΗΣ
ΣΙΚΥΩΝΙΩΝ,ΣΙΚΥΩΝΙΩΝ,ΣΙΚΥΩΝΙΩΝ
ΣΦΑΚΙΩΝ,ΣΦΑΚΙΩΝ,ΣΦΑΚΙΩΝ
ΔΡΑΜΑΣ,ΔΡΑΜΑΣ,ΔΡΑΜΑΣ
ΠΑΙΟΝΙΑΣ,ΠΑΙΟΝΙΑΣ,ΠΑΙΟΝΙΑΣ
ΚΕΡΚΥΡΑΣ,ΚΕΝΤΡΙΚΗΣ ΚΕΡΚΥΡΑΣ,ΚΕΝΤΡΙΚΗΣ ΚΕΡΚΥΡΑΣ
ΤΡΙΦΥΛΙΑΣ,ΤΡΙΦΥΛΙΑΣ,ΤΡΙΦΥΛΛΙΑΣ
ΣΑΜΟΘΡΑΚΗΣ,ΣΑΜΟΘΡΑΚΗΣ,ΣΑΜΟΘΡΑΚΗΣ
ΑΡΤΑΙΩΝ,ΑΡΤΑΙΩΝ,ΑΡΤΑΙΩΝ
ΑΒΔΗΡΩΝ,ΑΒΔΗΡΩΝ,ΑΒΔΗΡΩΝ
ΟΡΕΣΤΙΑΔΑΣ,ΟΡΕΣΤΙΑΔΑΣ,ΟΡΕΣΤΙΑΔΑΣ
ΜΕΣΣΗΝΗΣ,ΜΕΣΣΗΝΗΣ,ΜΕΣΣΗΝΗΣ
ΖΙΤΣΑΣ,ΖΙΤΣΑΣ,ΖΙΤΣΑΣ
ΠΟΛΥΓΥΡΟΥ,ΠΟΛΥΓΥΡΟΥ,ΠΟΛΥΓΥΡΟΥ
ΑΡΧΑΙΑΣ ΟΛΥΜΠΙΑΣ,ΑΡΧΑΙΑΣ ΟΛΥΜΠΙΑΣ,ΑΡΧΑΙΑΣ ΟΛΥΜΠΙΑΣ
ΝΑΥΠΑΚΤΙΑΣ,ΝΑΥΠΑΚΤΙΑΣ,ΝΑΥΠΑΚΤΙΑΣ
ΚΑΛΑΒΡΥΤΩΝ,ΚΑΛΑΒΡΥΤΩΝ,ΚΑΛΑΒΡΥΤΩΝ
ΟΙΧΑΛΙΑΣ,ΟΙΧΑΛΙΑΣ,ΟΙΧΑΛΙΑΣ
ΠΑΤΡΕΩΝ,ΠΑΤΡΕΩΝ,ΠΑΤΡΕΩΝ
ΣΑΜΟΥ,ΑΝΑΤΟΛΙΚΗΣ ΣΑΜΟΥ,ΑΝΑΤΟΛΙΚΗΣ ΣΑΜΟΥ
ΣΥΜΗΣ,ΣΥΜΗΣ,ΣΥΜΗΣ
ΣΟΦΑΔΩΝ,ΣΟΦΑΔΩΝ,ΣΟΦΑΔΩΝ
ΚΑΒΑΛΑΣ,ΚΑΒΑΛΑΣ,ΚΑΒΑΛΑΣ
ΑΡΡΙΑΝΩΝ,ΑΡΡΙΑΝΩΝ,ΑΡΡΙΑΝΩΝ
ΑΛΜΩΠΙΑΣ,ΑΛΜΩΠΙΑΣ,ΑΛΜΩΠΙΑΣ
ΙΩΑΝΝΙΤΩΝ,ΙΩΑΝΝΙΤΩΝ,ΙΩΑΝΝΙΤΩΝ
ΠΡΕΒΕΖΑΣ,ΠΡΕΒΕΖΑΣ,ΠΡΕΒΕΖΑΣ
ΔΟΞΑΤΟΥ,ΔΟΞΑΤΟΥ,ΔΟΞΑΤΟΥ
ΤΥΡΝΑΒΟΥ,ΤΥΡΝΑΒΟΥ,ΤΥΡΝΑΒΟΥ
ΚΟΖΑΝΗΣ,ΚΟΖΑΝΗΣ,ΚΟΖΑΝΗΣ
ΘΑΣΟΥ,ΘΑΣΟΥ,ΘΑΣΟΥ
ΦΑΡΚΑΔΟΝΑΣ,ΦΑΡΚΑΔΟΝΑΣ,ΦΑΡΚΑΔΟΝΑΣ
ΔΕΛΦΩΝ,ΔΕΛΦΩΝ,ΔΕΛΦΩΝ
ΑΛΕΞΑΝΔΡΕΙΑΣ,ΑΛΕΞΑΝΔΡΕΙΑΣ,ΑΛΕΞΑΝΔΡΕΙΑΣ
ΠΥΛΑΙΑΣ - ΧΟΡΤΙΑΤΗ,ΠΥΛΑΙΑΣ - ΧΟΡΤΙΑΤΗ,ΠΥΛΑΙΑΣ - ΧΟΡΤΙΑΤΗ
ΞΗΡΟΜΕΡΟΥ,ΞΗΡΟΜΕΡΟΥ,ΞΗΡΟΜΕΡΟΥ
ΚΑΛΑΜΠΑΚΑΣ,ΚΑΛΑΜΠΑΚΑΣ,ΚΑΛΑΜΑΤΑΣ
ΚΩ,ΚΩ,ΚΩ
ΒΟΛΒΗΣ,ΒΟΛΒΗΣ,ΒΟΛΒΗΣ
ΠΡΕΣΠΩΝ,ΠΡΕΣΠΩΝ,ΠΡΕΣΠΩΝ
ΧΕΡΣΟΝΗΣΟΥ,ΧΕΡΣΟΝΗΣΟΥ,ΧΕΡΣΟΝΗΣΟΥ
ΡΕΘΥΜΝΗΣ,ΡΕΘΥΜΝΗΣ,ΡΕΘΥΜΝΗΣ
ΞΑΝΘΗΣ,ΞΑΝΘΗΣ,ΞΑΝΘΗΣ
ΔΙΟΥ - ΟΛΥΜΠΟΥ,ΔΙΟΥ - ΟΛΥΜΠΟΥ,ΔΙΟΥ - ΟΛΥΜΠΟΥ
ΣΚΙΑΘΟΥ,ΣΚΙΑΘΟΥ,ΣΚΙΑΘΟΥ
ΟΡΧΟΜΕΝΟΥ,ΟΡΧΟΜΕΝΟΥ,ΟΡΧΟΜΕΝΟΥ
ΠΑΡΓΑΣ,ΠΑΡΓΑΣ,ΠΑΡΓΑΣ
ΣΠΕΤΣΩΝ,ΣΠΕΤΣΩΝ,ΣΠΕΤΣΩΝ
ΑΠΟΚΟΡΩΝΟΥ,ΑΠΟΚΟΡΩΝΟΥ,ΑΠΟΚΟΡΩΝΟΥ
ΑΜΥΝΤΑΙΟΥ,ΑΜΥΝΤΑΙΟΥ,ΑΜΥΝΤΑΙΟΥ
ΠΕΛΛΑΣ,ΠΕΛΛΑΣ,ΧΡΕΙΑΖΕΤΑΙ ΕΛΕΓΧΟ
ΔΕΛΤΑ,ΔΕΛΤΑ,ΧΡΕΙΑΖΕΤΑΙ ΕΛΕΓΧΟ
ΜΕΓΑΛΟΠΟΛΗΣ,ΜΕΓΑΛΟΠΟΛΗΣ,ΜΕΓΑΛΟΠΟΛΗΣ
ΗΓΟΥΜΕΝΙΤΣΑΣ,ΗΓΟΥΜΕΝΙΤΣΑΣ,ΗΓΟΥΜΕΝΙΤΣΑΣ
ΘΕΡΜΟΥ,ΘΕΡΜΟΥ,ΘΕΡΜΟΥ
ΚΙΛΕΛΕΡ,ΚΙΛΕΛΕΡ,ΚΙΛΕΛΕΡ
ΝΕΣΤΟΡΙΟΥ,ΝΕΣΤΟΡΙΟΥ,ΝΕΣΤΟΡΙΟΥ
ΩΡΩΠΟΥ,ΩΡΩΠΟΥ,ΩΡΩΠΟΥ
ΙΚΑΡΙΑΣ,ΙΚΑΡΙΑΣ,ΙΚΑΡΙΑΣ
ΕΟΡΔΑΙΑΣ,ΕΟΡΔΑΙΑΣ,ΕΟΡΔΑΙΑΣ
ΜΑΡΑΘΩΝΟΣ,ΜΑΡΑΘΩΝΟΣ,ΜΑΡΑΘΩΝΟΣ
ΚΑΡΔΙΤΣΑΣ,ΚΑΡΔΙΤΣΑΣ,ΚΑΡΔΙΤΣΑΣ
ΝΕΜΕΑΣ,ΝΕΜΕΑΣ,ΝΕΜΕΑΣ
ΠΑΞΩΝ,ΠΑΞΩΝ,ΠΑΞΩΝ
ΚΑΡΠΕΝΗΣΙΟΥ,ΚΑΡΠΕΝΗΣΙΟΥ,ΚΑΡΠΕΝΗΣΙΟΥ
ΛΕΒΑΔΕΩΝ,ΛΕΒΑΔΕΩΝ,ΛΕΒΑΔΕΩΝ
ΦΑΙΣΤΟΥ,ΦΑΙΣΤΟΥ,ΦΑΙΣΤΟΥ
ΑΝΔΡΙΤΣΑΙΝΑΣ - ΚΡΕΣΤΕΝΩΝ,ΑΝΔΡΙΤΣΑΙΝΑΣ - ΚΡΕΣΤΕΝΩΝ,ΑΝΔΡΙΤΣΑΙΝΑΣ - ΚΡΕΣΤΕΝΩΝ
ΑΚΤΙΟΥ - ΒΟΝΙΤΣΑΣ,ΑΚΤΙΟΥ - ΒΟΝΙΤΣΑΣ,ΑΚΤΙΟΥ - ΒΟΝΙΤΣΑΣ
ΛΟΚΡΩΝ,ΛΟΚΡΩΝ,ΛΟΚΡΩΝ
ΣΥΡΟΥ - ΕΡΜΟΥΠΟΛΗΣ,ΣΥΡΟΥ - ΕΡΜΟΥΠΟΛΗΣ,ΣΥΡΟΥ - ΕΡΜΟΥΠΟΛΗΣ
ΡΗΓΑ ΦΕΡΑΙΟΥ,ΡΗΓΑ ΦΕΡΑΙΟΥ,ΡΗΓΑ ΦΕΡΑΙΟΥ
ΒΙΣΑΛΤΙΑΣ,ΒΙΣΑΛΤΙΑΣ,ΒΙΣΑΛΤΙΑΣ
ΧΑΛΚΙΔΕΩΝ,ΧΑΛΚΙΔΕΩΝ,ΧΑΛΚΙΔΕΩΝ
ΛΑΓΚΑΔΑ,ΛΑΓΚΑΔΑ,ΛΑΓΚΑΔΑ
ΟΡΕΣΤΙΔΟΣ,ΟΡΕΣΤΙΔΟΣ,ΟΡΕΣΤΙΑΔΑΣ
ΑΓΡΑΦΩΝ,ΑΓΡΑΦΩΝ,ΑΓΡΑΦΩΝ
ΘΕΡΜΗΣ,ΘΕΡΜΗΣ,ΘΕΡΜΗΣ
ΣΟΥΛΙΟΥ,ΣΟΥΛΙΟΥ,ΣΟΥΛΙΟΥ
ΣΚΟΠΕΛΟΥ,ΣΚΟΠΕΛΟΥ,ΣΚΟΠΕΛΟΥ
ΠΥΛΗΣ,ΠΥΛΗΣ,ΠΥΛΗΣ
ΗΡΑΚΛΕΙΑΣ,ΗΡΑΚΛΕΙΑΣ,ΗΡΑΚΛΕΙΑΣ
ΑΜΦΙΚΛΕΙΑΣ - ΕΛΑΤΕΙΑΣ,ΑΜΦΙΚΛΕΙΑΣ - ΕΛΑΤΕΙΑΣ,ΑΜΦΙΚΛΕΙΑΣ - ΕΛΑΤΕΙΑΣ
ΓΕΩΡΓΙΟΥ ΚΑΡΑΙΣΚΑΚΗ,ΓΕΩΡΓΙΟΥ ΚΑΡΑΙΣΚΑΚΗ,ΓΕΩΡΓΙΟΥ ΚΑΡΑΙΣΚΑΚΗ
ΠΩΓΩΝΙΟΥ,ΠΩΓΩΝΙΟΥ,ΠΩΓΩΝΙΟΥ
ΕΡΥΜΑΝΘΟΥ,ΕΡΥΜΑΝΘΟΥ,ΕΡΥΜΑΝΘΟΥ
ΣΚΥΔΡΑΣ,ΣΚΥΔΡΑΣ,ΣΚΥΔΡΑΣ
ΔΙΡΦΥΩΝ - ΜΕΣΣΑΠΙΩΝ,ΔΙΡΦΥΩΝ - ΜΕΣΣΑΠΙΩΝ,ΔΙΡΦΥΩΝ - ΜΕΣΣΑΠΙΩΝ
ΑΓΙΑΣ,ΑΓΙΑΣ,ΑΓΙΑΣ
ΧΑΝΙΩΝ,ΧΑΝΙΩΝ,ΧΑΝΙΩΝ
ΔΟΜΟΚΟΥ,ΔΟΜΟΚΟΥ,ΔΟΜΟΚΟΥ
ΛΙΜΝΗΣ ΠΛΑΣΤΗΡΑ,ΛΙΜΝΗΣ ΠΛΑΣΤΗΡΑ,ΧΡΕΙΑΖΕΤΑΙ ΕΛΕΓΧΟ
ΜΥΚΗΣ,ΜΥΚΗΣ,ΜΥΚΗΣ
ΒΟΪΟΥ,ΒΟΪΟΥ,ΒΟΙΟΥ
ΖΗΡΟΥ,ΖΗΡΟΥ,ΖΗΡΟΥ
ΠΡΟΣΟΤΣΑΝΗΣ,ΠΡΟΣΟΤΣΑΝΗΣ,ΠΡΟΣΟΤΣΑΝΗΣ
ΜΩΛΟΥ - ΑΓΙΟΥ ΚΩΝΣΤΑΝΤΙΝΟΥ,ΜΩΛΟΥ - ΑΓΙΟΥ ΚΩΝΣΤΑΝΤΙΝΟΥ,ΧΡΕΙΑΖΕΤΑΙ ΕΛΕΓΧΟ
ΩΡΑΙΟΚΑΣΤΡΟΥ,ΩΡΑΙΟΚΑΣΤΡΟΥ,ΩΡΑΙΟΚΑΣΤΡΟΥ
ΣΤΥΛΙΔΟΣ,ΣΤΥΛΙΔΟΣ,ΣΤΥΛΙΔΑΣ
ΔΩΡΙΔΟΣ,ΔΩΡΙΔΟΣ,ΔΩΡΙΔΟΣ
ΠΑΛΑΜΑ,ΠΑΛΑΜΑ,ΠΑΛΑΜΑ
ΜΕΤΣΟΒΟΥ,ΜΕΤΣΟΒΟΥ,ΜΕΤΣΟΒΟΥ
ΣΕΡΙΦΟΥ,ΣΕΡΙΦΟΥ,ΣΕΡΙΦΟΥ
ΜΥΛΟΠΟΤΑΜΟΥ,ΜΥΛΟΠΟΤΑΜΟΥ,ΜΥΛΟΠΟΤΑΜΟΥ
ΔΩΔΩΝΗΣ,ΔΩΔΩΝΗΣ,ΔΩΔΩΝΗΣ
ΚΟΝΙΤΣΑΣ,ΚΟΝΙΤΣΑΣ,ΚΟΝΙΤΣΑΣ
ΓΟΡΤΥΝΑΣ,ΓΟΡΤΥΝΑΣ,ΓΟΡΤΥΝΑΣ
ΑΛΙΑΡΤΟΥ,ΑΛΙΑΡΤΟΥ - ΘΕΣΠΙΕΩΝ,ΑΛΙΑΡΤΟΥ - ΘΕΣΠΙΕΩΝ
ΦΑΡΣΑΛΩΝ,ΦΑΡΣΑΛΩΝ,ΦΑΡΣΑΛΩΝ
ΕΜΜΑΝΟΥΗΛ ΠΑΠΠΑ,ΕΜΜΑΝΟΥΗΛ ΠΑΠΠΑ,ΕΜΜΑΝΟΥΗΛ ΠΑΠΠΑ
ΠΥΔΝΑΣ - ΚΟΛΙΝΔΡΟΥ,ΠΥΔΝΑΣ - ΚΟΛΙΝΔΡΟΥ,ΧΡΕΙΑΖΕΤΑΙ ΕΛΕΓΧΟ
ΝΑΟΥΣΑΣ,ΝΑΟΥΣΑΣ,ΧΡΕΙΑΖΕΤΑΙ ΕΛΕΓΧΟ
ΔΥΤΙΚΗΣ ΜΑΝΗΣ,ΔΥΤΙΚΗΣ ΜΑΝΗΣ,ΔΥΤΙΚΗΣ ΜΑΝΗΣ
ΛΕΥΚΑΔΑΣ,ΛΕΥΚΑΔΑΣ,ΛΕΥΚΑΔΑΣ
ΤΑΝΑΓΡΑΣ,ΤΑΝΑΓΡΑΣ,ΤΑΝΑΓΡΑΣ
ΝΟΤΙΟΥ ΠΗΛΙΟΥ,ΝΟΤΙΟΥ ΠΗΛΙΟΥ,ΝΟΤΙΟΥ ΠΗΛΙΟΥ
ΑΜΦΙΠΟΛΗΣ,ΑΜΦΙΠΟΛΗΣ,ΑΜΦΙΠΟΛΗΣ
ΚΥΘΗΡΩΝ,ΚΥΘΗΡΩΝ,ΚΥΘΗΡΩΝ
ΠΟΡΟΥ,ΠΟΡΟΥ,ΠΟΡΟΥ
ΟΡΟΠΕΔΙΟΥ ΛΑΣΙΘΙΟΥ,ΟΡΟΠΕΔΙΟΥ ΛΑΣΙΘΙΟΥ,ΟΡΟΠΕΔΙΟΥ ΛΑΣΙΘΙΟΥ
ΕΡΕΤΡΙΑΣ,ΕΡΕΤΡΙΑΣ,ΕΡΕΤΡΙΑΣ
ΒΑΡΗΣ - ΒΟΥΛΑΣ - ΒΟΥΛΙΑΓΜΕΝΗΣ,ΒΑΡΗΣ - ΒΟΥΛΑΣ - ΒΟΥΛΙΑΓΜΕΝΗΣ,ΒΑΡΗΣ - ΒΟΥΛΑΣ - ΒΟΥΛΙΑΓΜΕΝΗΣ
ΙΘΑΚΗΣ,ΙΘΑΚΗΣ,ΙΘΑΚΗΣ
ΖΑΓΟΡΑΣ - ΜΟΥΡΕΣΙΟΥ,ΖΑΓΟΡΑΣ - ΜΟΥΡΕΣΙΟΥ,ΖΑΓΟΡΑΣ - ΜΟΥΡΕΣΙΟΥ
ΑΝΩΓΕΙΩΝ,ΑΝΩΓΕΙΩΝ,ΑΝΩΓΕΙΩΝ
ΛΑΥΡΕΩΤΙΚΗΣ,ΛΑΥΡΕΩΤΙΚΗΣ,ΛΑΥΡΕΩΤΙΚΗΣ
ΚΕΑΣ,ΚΕΑΣ,ΚΕΑΣ
ΚΕΝΤΡΙΚΩΝ ΤΖΟΥΜΕΡΚΩΝ,ΚΕΝΤΡΙΚΩΝ ΤΖΟΥΜΕΡΚΩΝ,ΒΟΡΕΙΩΝ ΤΖΟΥΜΕΡΚΩΝ
ΣΚΥΡΟΥ,ΣΚΥΡΟΥ,ΣΚΥΡΟΥ
ΑΓΙΟ ΟΡΟΣ,ΑΓΙΟ ΟΡΟΣ (ΑΥΤΟΝΟΜΟ),ΑΓΙΟ ΟΡΟΣ (ΑΥΤΟΝΟΜΟ)
ΑΣΠΡΟΠΥΡΓΟΥ,ΑΣΠΡΟΠΥΡΓΟΥ,ΑΣΠΡΟΠΥΡΓΟΥ
ΑΧΑΡΝΩΝ,ΑΧΑΡΝΩΝ,ΑΧΑΡΝΩΝ
ΚΑΛΥΜΝΙΩΝ,ΚΑΛΥΜΝΙΩΝ,ΚΑΛΥΜΝΙΩΝ
ΜΑΡΚΟΠΟΥΛΟΥ ΜΕΣΟΓΑΙΑΣ,ΜΑΡΚΟΠΟΥΛΟΥ ΜΕΣΟΓΑΙΑΣ,ΜΑΡΚΟΠΟΥΛΟΥ ΜΕΣΟΓΑΙΑΣ
ΑΝΑΦΗΣ,ΑΝΑΦΗΣ,ΑΝΑΦΗΣ
ΚΥΘΝΟΥ,ΚΥΘΝΟΥ,ΚΥΘΝΟΥ
ΚΡΩΠΙΑΣ,ΚΡΩΠΙΑΣ,ΚΡΩΠΙΑΣ
ΜΥΚΟΝΟΥ,ΜΥΚΟΝΟΥ,ΜΥΚΟΝΟΥ
ΠΕΡΑΜΑΤΟΣ,ΠΕΡΑΜΑΤΟΣ,ΠΕΡΑΜΑΤΟΣ
ΦΥΛΗΣ,ΦΥΛΗΣ,ΦΥΛΗΣ
ΝΕΑΣ ΠΡΟΠΟΝΤΙΔΑΣ,ΝΕΑΣ ΠΡΟΠΟΝΤΙΔΑΣ,ΝΕΑΣ ΠΡΟΠΟΝΤΙΔΑΣ
ΠΑΙΑΝΙΑΣ,ΠΑΙΑΝΙΑΣ,ΠΑΙΑΝΙΑΣ
ΜΕΓΙΣΤΗΣ,ΜΕΓΙΣΤΗΣ,ΜΕΓΙΣΤΗΣ
ΑΝΤΙΠΑΡΟΥ,ΑΝΤΙΠΑΡΟΥ,ΑΝΤΙΠΑΡΟΥ
ΥΔΡΑΣ,ΥΔΡΑΣ,ΥΔΡΑΣ
ΜΑΝΔΡΑΣ - ΕΙΔΥΛΛΙΑΣ,ΜΑΝΔΡΑΣ - ΕΙΔΥΛΛΙΑΣ,ΜΑΝΔΡΑΣ - ΕΙΔΥΛΛΙΑΣ
ΖΑΓΟΡΙΟΥ,ΖΑΓΟΡΙΟΥ,ΖΑΓΟΡΙΟΥ
ΑΜΑΡΟΥΣΙΟΥ,ΑΜΑΡΟΥΣΙΟΥ,ΑΜΑΡΟΥΣΙΟΥ
ΣΑΡΩΝΙΚΟΥ,ΣΑΡΩΝΙΚΟΥ,ΣΑΡΩΝΙΚΟΥ
ΧΑΛΑΝΔΡΙΟΥ,ΧΑΛΑΝΔΡΙΟΥ,ΧΑΛΑΝΔΡΙΟΥ
ΘΕΡΜΑΙΚΟΥ,ΘΕΡΜΑΙΚΟΥ,ΘΕΡΜΑΙΚΟΥ
ΣΑΛΑΜΙΝΟΣ,ΣΑΛΑΜΙΝΟΣ,ΣΑΛΑΜΙΝΟΣ
ΣΠΑΤΩΝ - ΑΡΤΕΜΙΔΟΣ,ΣΠΑΤΩΝ - ΑΡΤΕΜΙΔΟΣ,ΣΠΑΤΩΝ - ΑΡΤΕΜΙΔΟΣ
ΣΙΘΩΝΙΑΣ,ΣΙΘΩΝΙΑΣ,ΝΕΑΣ ΙΩΝΙΑΣ
ΔΙΟΝΥΣΟΥ,ΔΙΟΝΥΣΟΥ,ΔΙΟΝΥΣΟΥ
ΠΕΝΤΕΛΗΣ,ΠΕΝΤΕΛΗΣ,ΠΕΝΤΕΛΗΣ
ΤΗΝΟΥ,ΤΗΝΟΥ,ΤΗΝΟΥ
ΠΑΥΛΟΥ ΜΕΛΑ,ΠΑΥΛΟΥ ΜΕΛΑ,ΠΑΥΛΟΥ ΜΕΛΑ
ΝΕΑΣ ΖΙΧΝΗΣ,ΝΕΑΣ ΖΙΧΝΗΣ,ΧΡΕΙΑΖΕΤΑΙ ΕΛΕΓΧΟ
ΝΕΑΠΟΛΗΣ - ΣΥΚΕΩΝ,ΝΕΑΠΟΛΗΣ - ΣΥΚΕΩΝ,ΝΕΑΠΟΛΗΣ - ΣΥΚΕΩΝ
ΕΛΕΥΣΙΝΑΣ,ΕΛΕΥΣΙΝΑΣ,ΕΛΕΥΣΙΝΑΣ
ΡΑΦΗΝΑΣ,ΡΑΦΗΝΑΣ,ΧΡΕΙΑΖΕΤΑΙ ΕΛΕΓΧΟ
ΠΑΛΛΗΝΗΣ,ΠΑΛΛΗΝΗΣ,ΠΑΛΛΗΝΗΣ
ΑΡΓΙΘΕΑΣ,ΑΡΓΙΘΕΑΣ,ΑΡΓΙΘΕΑΣ
ΜΕΓΑΡΕΩΝ,ΜΕΓΑΡΕΩΝ,ΜΕΓΑΡΕΩΝ
ΠΑΠΑΓΟΥ - ΧΟΛΑΡΓΟΥ,ΠΑΠΑΓΟΥ - ΧΟΛΑΡΓΟΥ,ΠΑΠΑΓΟΥ - ΧΟΛΑΡΓΟΥ
ΛΕΡΟΥ,ΛΕΡΟΥ,ΛΕΡΟΥ
ΦΟΛΕΓΑΝΔΡΟΥ,ΦΟΛΕΓΑΝΔΡΟΥ,ΦΟΛΕΓΑΝΔΡΟΥ
ΑΜΠΕΛΑΚΙΩΝ,ΣΑΛΑΜΙΝΟΣ,ΣΑΛΑΜΙΝΟΣ
ΔΙΣΤΟΜΟΥ - ΑΡΑΧΟΒΑΣ - ΑΝΤΙΚΥΡΑΣ,ΔΙΣΤΟΜΟΥ - ΑΡΑΧΟΒΑΣ - ΑΝΤΙΚΥΡΑΣ,ΔΙΣΤΟΜΟΥ - ΑΡΑΧΟΒΑΣ - ΑΝΤΙΚΥΡΑΣ
ΒΥΡΩΝΟΣ,ΒΥΡΩΝΟΣ,ΒΥΡΩΝΟΣ
ΒΟΡΕΙΩΝ ΤΖΟΥΜΕΡΚΩΝ,ΒΟΡΕΙΩΝ ΤΖΟΥΜΕΡΚΩΝ,ΒΟΡΕΙΩΝ ΤΖΟΥΜΕΡΚΩΝ
ΑΓΙΩΝ ΑΝΑΡΓΥΡΩΝ - ΚΑΜΑΤΕΡΟΥ,ΑΓΙΩΝ ΑΝΑΡΓΥΡΩΝ - ΚΑΜΑΤΕΡΟΥ,ΑΓΙΩΝ ΑΝΑΡΓΥΡΩΝ - ΚΑΜΑΤΕΡΟΥ
ΑΜΟΡΓΟΥ,ΑΜΟΡΓΟΥ,ΑΜΟΡΓΟΥ
ΦΟΥΡΝΩΝ ΚΟΡΣΕΩΝ,ΦΟΥΡΝΩΝ ΚΟΡΣΕΩΝ,ΦΟΥΡΝΩΝ ΚΟΡΣΕΩΝ
